"		지점번호",지점명,일시,평균습도(%rh),최저습도(%rh)
"		90",속초,2017.1.1,50,30
"		90",속초,2017.1.2,50.3,33
"		90",속초,2017.1.3,35.5,16
"		90",속초,2017.1.4,46.4,28
"		90",속초,2017.1.5,88.1,50
"		90",속초,2017.1.6,80.9,58
"		90",속초,2017.1.7,65.5,45
"		90",속초,2017.1.8,91.5,85
"		90",속초,2017.1.9,49.4,18
"		90",속초,2017.1.10,27.4,13
"		90",속초,2017.1.11,24.1,15
"		90",속초,2017.1.12,28.9,15
"		90",속초,2017.1.13,30,17
"		90",속초,2017.1.14,25.6,15
"		90",속초,2017.1.15,25.4,16
"		90",속초,2017.1.16,46.8,28
"		90",속초,2017.1.17,37.3,17
"		90",속초,2017.1.18,44.6,16
"		90",속초,2017.1.19,56.4,40
"		90",속초,2017.1.20,83,44
"		90",속초,2017.1.21,66.6,44
"		90",속초,2017.1.22,46.6,24
"		90",속초,2017.1.23,41.9,28
"		90",속초,2017.1.24,37.8,21
"		90",속초,2017.1.25,35.8,16
"		90",속초,2017.1.26,40.4,21
"		90",속초,2017.1.27,35.4,17
"		90",속초,2017.1.28,41,22
"		90",속초,2017.1.29,73.3,37
"		90",속초,2017.1.30,81.3,46
"		90",속초,2017.1.31,56,25
"		90",속초,2017.2.1,35.1,24
"		90",속초,2017.2.2,26.9,16
"		90",속초,2017.2.3,38.8,23
"		90",속초,2017.2.4,37.4,22
"		90",속초,2017.2.5,57.5,38
"		90",속초,2017.2.6,45.5,33
"		90",속초,2017.2.7,43.3,29
"		90",속초,2017.2.8,50,35
"		90",속초,2017.2.9,40.6,28
"		90",속초,2017.2.10,37.8,26
"		90",속초,2017.2.11,35.3,25
"		90",속초,2017.2.12,41.3,29
"		90",속초,2017.2.13,33.5,23
"		90",속초,2017.2.14,50.9,31
"		90",속초,2017.2.15,36.9,17
"		90",속초,2017.2.16,34.8,11
"		90",속초,2017.2.17,58.9,30
"		90",속초,2017.2.18,31.5,15
"		90",속초,2017.2.19,47.3,31
"		90",속초,2017.2.20,53.1,23
"		90",속초,2017.2.21,51.8,34
"		90",속초,2017.2.22,75.9,45
"		90",속초,2017.2.23,51.6,27
"		90",속초,2017.2.24,36.8,19
"		90",속초,2017.2.25,37.4,22
"		90",속초,2017.2.26,49.6,28
"		90",속초,2017.2.27,58.1,37
"		90",속초,2017.2.28,39.1,21
"		90",속초,2017.3.1,60.8,34
"		90",속초,2017.3.2,84.6,60
"		90",속초,2017.3.3,38.6,26
"		90",속초,2017.3.4,60.9,30
"		90",속초,2017.3.5,78.4,52
"		90",속초,2017.3.6,59.6,24
"		90",속초,2017.3.7,29.6,17
"		90",속초,2017.3.8,38.6,25
"		90",속초,2017.3.9,36.3,23
"		90",속초,2017.3.10,38.4,20
"		90",속초,2017.3.11,40.6,24
"		90",속초,2017.3.12,39.4,20
"		90",속초,2017.3.13,51.1,39
"		90",속초,2017.3.14,75.5,53
"		90",속초,2017.3.15,55.3,41
"		90",속초,2017.3.16,65.4,50
"		90",속초,2017.3.17,47.9,37
"		90",속초,2017.3.18,34.9,19
"		90",속초,2017.3.19,49,36
"		90",속초,2017.3.20,49.5,27
"		90",속초,2017.3.21,67.4,32
"		90",속초,2017.3.22,47.9,28
"		90",속초,2017.3.23,63.6,29
"		90",속초,2017.3.24,69.6,57
"		90",속초,2017.3.25,81.8,56
"		90",속초,2017.3.26,77.9,52
"		90",속초,2017.3.27,70.1,46
"		90",속초,2017.3.28,51,32
"		90",속초,2017.3.29,44.6,24
"		90",속초,2017.3.30,52,24
"		90",속초,2017.3.31,90,63
"		90",속초,2017.4.1,88,70
"		90",속초,2017.4.2,56.9,26
"		90",속초,2017.4.3,30.1,13
"		90",속초,2017.4.4,46.3,24
"		90",속초,2017.4.5,60.6,24
"		90",속초,2017.4.6,77.9,40
"		90",속초,2017.4.7,78.1,59
"		90",속초,2017.4.8,82,45
"		90",속초,2017.4.9,65.6,34
"		90",속초,2017.4.10,60.3,41
"		90",속초,2017.4.11,79.8,60
"		90",속초,2017.4.12,45.6,15
"		90",속초,2017.4.13,34.1,15
"		90",속초,2017.4.14,39.8,15
"		90",속초,2017.4.15,40.8,25
"		90",속초,2017.4.16,37.4,18
"		90",속초,2017.4.17,78.5,27
"		90",속초,2017.4.18,76.1,42
"		90",속초,2017.4.19,53.5,21
"		90",속초,2017.4.20,48.3,36
"		90",속초,2017.4.21,66,35
"		90",속초,2017.4.22,70.9,43
"		90",속초,2017.4.23,38,18
"		90",속초,2017.4.24,47,25
"		90",속초,2017.4.25,61.5,25
"		90",속초,2017.4.26,53.8,33
"		90",속초,2017.4.27,39.9,20
"		90",속초,2017.4.28,37.3,20
"		90",속초,2017.4.29,41.5,17
"		90",속초,2017.4.30,44.5,19
"		90",속초,2017.5.1,62.1,44
"		90",속초,2017.5.2,75.3,61
"		90",속초,2017.5.3,76.9,50
"		90",속초,2017.5.4,68.1,34
"		90",속초,2017.5.5,51.4,36
"		90",속초,2017.5.6,23.9,11
"		90",속초,2017.5.7,20.6,16
"		90",속초,2017.5.8,36.4,17
"		90",속초,2017.5.9,88.5,75
"		90",속초,2017.5.10,86.4,65
"		90",속초,2017.5.11,48.8,34
"		90",속초,2017.5.12,56.8,39
"		90",속초,2017.5.13,78.8,44
"		90",속초,2017.5.14,38.4,26
"		90",속초,2017.5.15,60.6,35
"		90",속초,2017.5.16,87.1,70
"		90",속초,2017.5.17,82.6,65
"		90",속초,2017.5.18,46.8,28
"		90",속초,2017.5.19,29.6,18
"		90",속초,2017.5.20,56.1,29
"		90",속초,2017.5.21,76.1,43
"		90",속초,2017.5.22,81,72
"		90",속초,2017.5.23,84.9,64
"		90",속초,2017.5.24,89.5,75
"		90",속초,2017.5.25,62.5,28
"		90",속초,2017.5.26,72.3,48
"		90",속초,2017.5.27,71.8,47
"		90",속초,2017.5.28,65.4,45
"		90",속초,2017.5.29,61.6,45
"		90",속초,2017.5.30,48.9,28
"		90",속초,2017.5.31,42.9,11
"		90",속초,2017.6.1,83.9,52
"		90",속초,2017.6.2,67.1,47
"		90",속초,2017.6.3,75.3,58
"		90",속초,2017.6.4,67.3,39
"		90",속초,2017.6.5,76.5,58
"		90",속초,2017.6.6,87.6,67
"		90",속초,2017.6.7,94.6,82
"		90",속초,2017.6.8,44.9,30
"		90",속초,2017.6.9,54.3,28
"		90",속초,2017.6.10,50.5,31
"		90",속초,2017.6.11,75.3,55
"		90",속초,2017.6.12,79.9,67
"		90",속초,2017.6.13,86.3,67
"		90",속초,2017.6.14,54.8,34
"		90",속초,2017.6.15,69.9,40
"		90",속초,2017.6.16,83.6,72
"		90",속초,2017.6.17,85,71
"		90",속초,2017.6.18,88,76
"		90",속초,2017.6.19,88.1,67
"		90",속초,2017.6.20,87.5,55
"		90",속초,2017.6.21,88.6,74
"		90",속초,2017.6.22,82.9,66
"		90",속초,2017.6.23,87.6,71
"		90",속초,2017.6.24,92.1,77
"		90",속초,2017.6.25,90.1,64
"		90",속초,2017.6.26,97,95
"		90",속초,2017.6.27,91.1,75
"		90",속초,2017.6.28,89.6,74
"		90",속초,2017.6.29,89.3,75
"		90",속초,2017.6.30,66,42
"		90",속초,2017.7.1,53.5,42
"		90",속초,2017.7.2,88.6,52
"		90",속초,2017.7.3,91.3,76
"		90",속초,2017.7.4,94.1,82
"		90",속초,2017.7.5,88,73
"		90",속초,2017.7.6,90.1,70
"		90",속초,2017.7.7,93.8,81
"		90",속초,2017.7.8,94.4,80
"		90",속초,2017.7.9,75.6,58
"		90",속초,2017.7.10,94.6,87
"		90",속초,2017.7.11,63.4,40
"		90",속초,2017.7.12,60.5,46
"		90",속초,2017.7.13,68.9,48
"		90",속초,2017.7.14,62.4,48
"		90",속초,2017.7.15,69.8,52
"		90",속초,2017.7.16,64,50
"		90",속초,2017.7.17,58.9,51
"		90",속초,2017.7.18,66,51
"		90",속초,2017.7.19,78,55
"		90",속초,2017.7.20,77.3,59
"		90",속초,2017.7.21,71.6,51
"		90",속초,2017.7.22,94.4,80
"		90",속초,2017.7.23,97.8,96
"		90",속초,2017.7.24,97.1,89
"		90",속초,2017.7.25,93.5,81
"		90",속초,2017.7.26,80.9,66
"		90",속초,2017.7.27,86,75
"		90",속초,2017.7.28,96,90
"		90",속초,2017.7.29,91.8,81
"		90",속초,2017.7.30,88.5,79
"		90",속초,2017.7.31,88.9,83
"		90",속초,2017.8.1,88.5,81
"		90",속초,2017.8.2,87.5,77
"		90",속초,2017.8.3,86.5,75
"		90",속초,2017.8.4,89.4,75
"		90",속초,2017.8.5,90.5,79
"		90",속초,2017.8.6,92.3,83
"		90",속초,2017.8.7,88.6,77
"		90",속초,2017.8.8,79.4,62
"		90",속초,2017.8.9,91,82
"		90",속초,2017.8.10,97.6,95
"		90",속초,2017.8.11,91.9,84
"		90",속초,2017.8.12,85.8,72
"		90",속초,2017.8.13,83.3,73
"		90",속초,2017.8.14,86,72
"		90",속초,2017.8.15,95.3,84
"		90",속초,2017.8.16,91.6,79
"		90",속초,2017.8.17,98.5,89
"		90",속초,2017.8.18,97.5,91
"		90",속초,2017.8.19,97.6,94
"		90",속초,2017.8.20,98.3,96
"		90",속초,2017.8.21,96.8,86
"		90",속초,2017.8.22,80.1,54
"		90",속초,2017.8.23,82.5,58
"		90",속초,2017.8.24,70.1,54
"		90",속초,2017.8.25,61.1,37
"		90",속초,2017.8.26,44.5,25
"		90",속초,2017.8.27,74.8,58
"		90",속초,2017.8.28,81.6,52
"		90",속초,2017.8.29,68.4,48
"		90",속초,2017.8.30,59.8,45
"		90",속초,2017.8.31,68.4,57
"		90",속초,2017.9.1,73.6,56
"		90",속초,2017.9.2,72.9,54
"		90",속초,2017.9.3,72.1,54
"		90",속초,2017.9.4,78.9,66
"		90",속초,2017.9.5,80.5,59
"		90",속초,2017.9.6,74.8,47
"		90",속초,2017.9.7,76.3,55
"		90",속초,2017.9.8,79.4,57
"		90",속초,2017.9.9,75.1,55
"		90",속초,2017.9.10,86.4,77
"		90",속초,2017.9.11,85.6,73
"		90",속초,2017.9.12,74.1,51
"		90",속초,2017.9.13,63.5,40
"		90",속초,2017.9.14,72,51
"		90",속초,2017.9.15,69.5,51
"		90",속초,2017.9.16,69.9,60
"		90",속초,2017.9.17,84.8,65
"		90",속초,2017.9.18,59.4,41
"		90",속초,2017.9.19,64.1,38
"		90",속초,2017.9.20,50.3,31
"		90",속초,2017.9.21,65.4,49
"		90",속초,2017.9.22,71.1,56
"		90",속초,2017.9.23,65,34
"		90",속초,2017.9.24,71.3,38
"		90",속초,2017.9.25,74,49
"		90",속초,2017.9.26,83,70
"		90",속초,2017.9.27,87.1,72
"		90",속초,2017.9.28,56.5,18
"		90",속초,2017.9.29,32,23
"		90",속초,2017.9.30,48.8,30
"		90",속초,2017.10.1,50.3,19
"		90",속초,2017.10.2,82.1,61
"		90",속초,2017.10.3,85.1,66
"		90",속초,2017.10.4,76.8,56
"		90",속초,2017.10.5,77.8,61
"		90",속초,2017.10.6,90.6,77
"		90",속초,2017.10.7,92.1,80
"		90",속초,2017.10.8,91.1,76
"		90",속초,2017.10.9,91.4,77
"		90",속초,2017.10.10,95.3,88
"		90",속초,2017.10.11,88.5,73
"		90",속초,2017.10.12,77.3,64
"		90",속초,2017.10.13,75.8,57
"		90",속초,2017.10.14,48.1,24
"		90",속초,2017.10.15,63.5,39
"		90",속초,2017.10.16,72.5,55
"		90",속초,2017.10.17,76.6,60
"		90",속초,2017.10.18,75.9,58
"		90",속초,2017.10.19,81.9,66
"		90",속초,2017.10.20,79,63
"		90",속초,2017.10.21,78.8,65
"		90",속초,2017.10.22,71.9,54
"		90",속초,2017.10.23,64.1,47
"		90",속초,2017.10.24,66.8,45
"		90",속초,2017.10.25,63,42
"		90",속초,2017.10.26,66.6,42
"		90",속초,2017.10.27,70.1,50
"		90",속초,2017.10.28,83.3,74
"		90",속초,2017.10.29,72.6,41
"		90",속초,2017.10.30,48.9,33
"		90",속초,2017.10.31,37.1,23
"		90",속초,2017.11.1,48.6,29
"		90",속초,2017.11.2,59.1,43
"		90",속초,2017.11.3,81,57
"		90",속초,2017.11.4,56.1,20
"		90",속초,2017.11.5,38.3,13
"		90",속초,2017.11.6,44.6,33
"		90",속초,2017.11.7,52.3,36
"		90",속초,2017.11.8,37.6,16
"		90",속초,2017.11.9,61.1,42
"		90",속초,2017.11.10,47.1,28
"		90",속초,2017.11.11,42.9,24
"		90",속초,2017.11.12,42.3,26
"		90",속초,2017.11.13,48.8,32
"		90",속초,2017.11.14,28,15
"		90",속초,2017.11.15,28.8,16
"		90",속초,2017.11.16,25.3,16
"		90",속초,2017.11.17,37.9,22
"		90",속초,2017.11.18,40.9,23
"		90",속초,2017.11.19,21.6,13
"		90",속초,2017.11.20,37.4,18
"		90",속초,2017.11.21,36.1,16
"		90",속초,2017.11.22,47.8,27
"		90",속초,2017.11.23,29,21
"		90",속초,2017.11.24,34.4,17
"		90",속초,2017.11.25,56.5,35
"		90",속초,2017.11.26,53.6,40
"		90",속초,2017.11.27,56.6,41
"		90",속초,2017.11.28,50.9,30
"		90",속초,2017.11.29,38.3,12
"		90",속초,2017.11.30,17.6,12
"		90",속초,2017.12.1,28.5,12
"		90",속초,2017.12.2,36.1,23
"		90",속초,2017.12.3,55.1,44
"		90",속초,2017.12.4,31.8,13
"		90",속초,2017.12.5,25,14
"		90",속초,2017.12.6,47.4,28
"		90",속초,2017.12.7,36.4,21
"		90",속초,2017.12.8,34.4,15
"		90",속초,2017.12.9,37.3,28
"		90",속초,2017.12.10,50.8,30
"		90",속초,2017.12.11,22,16
"		90",속초,2017.12.12,20.1,14
"		90",속초,2017.12.13,24.1,14
"		90",속초,2017.12.14,40.1,20
"		90",속초,2017.12.15,31.8,7
"		90",속초,2017.12.16,28.3,15
"		90",속초,2017.12.17,26.5,16
"		90",속초,2017.12.18,51.8,34
"		90",속초,2017.12.19,26.6,17
"		90",속초,2017.12.20,43,23
"		90",속초,2017.12.21,42.4,22
"		90",속초,2017.12.22,47.5,28
"		90",속초,2017.12.23,43.1,31
"		90",속초,2017.12.24,70.6,39
"		90",속초,2017.12.25,37.4,20
"		90",속초,2017.12.26,27.4,13
"		90",속초,2017.12.27,19.6,10
"		90",속초,2017.12.28,40.5,24
"		90",속초,2017.12.29,49.6,33
"		90",속초,2017.12.30,68.6,55
"		90",속초,2017.12.31,33.5,17
"		90",속초,2018.1.1,21.3,16
"		90",속초,2018.1.2,21.8,15
"		90",속초,2018.1.3,29.9,21
"		90",속초,2018.1.4,53.3,30
"		90",속초,2018.1.5,45.4,15
"		90",속초,2018.1.6,32.4,21
"		90",속초,2018.1.7,50.1,28
"		90",속초,2018.1.8,48.9,36
"		90",속초,2018.1.9,40.1,33
"		90",속초,2018.1.10,32,21
"		90",속초,2018.1.11,34.1,21
"		90",속초,2018.1.12,29,15
"		90",속초,2018.1.13,42,28
"		90",속초,2018.1.14,47.1,33
"		90",속초,2018.1.15,45.1,21
"		90",속초,2018.1.16,47.3,25
"		90",속초,2018.1.17,70.5,44
"		90",속초,2018.1.18,31.9,16
"		90",속초,2018.1.19,25.8,16
"		90",속초,2018.1.20,41.4,28
"		90",속초,2018.1.21,31.8,17
"		90",속초,2018.1.22,66.6,33
"		90",속초,2018.1.23,30.3,18
"		90",속초,2018.1.24,23.5,15
"		90",속초,2018.1.25,28,18
"		90",속초,2018.1.26,25.3,15
"		90",속초,2018.1.27,28.9,17
"		90",속초,2018.1.28,22.3,16
"		90",속초,2018.1.29,23.3,15
"		90",속초,2018.1.30,34.4,20
"		90",속초,2018.1.31,31.5,19
"		90",속초,2018.2.1,40.3,25
"		90",속초,2018.2.2,58.3,31
"		90",속초,2018.2.3,33.8,17
"		90",속초,2018.2.4,31,17
"		90",속초,2018.2.5,26,16
"		90",속초,2018.2.6,28.6,18
"		90",속초,2018.2.7,26.8,14
"		90",속초,2018.2.8,23,10
"		90",속초,2018.2.9,40.6,27
"		90",속초,2018.2.10,30.6,12
"		90",속초,2018.2.11,19.8,13
"		90",속초,2018.2.12,24.9,17
"		90",속초,2018.2.13,33.3,22
"		90",속초,2018.2.14,37.5,14
"		90",속초,2018.2.15,41.6,17
"		90",속초,2018.2.16,32.1,9
"		90",속초,2018.2.17,20.6,11
"		90",속초,2018.2.18,33.4,15
"		90",속초,2018.2.19,46.1,26
"		90",속초,2018.2.20,30.9,16
"		90",속초,2018.2.21,30.5,18
"		90",속초,2018.2.22,35.9,21
"		90",속초,2018.2.23,55,23
"		90",속초,2018.2.24,80.5,38
"		90",속초,2018.2.25,83.3,74
"		90",속초,2018.2.26,72.6,55
"		90",속초,2018.2.27,79,47
"		90",속초,2018.2.28,96.8,84
"		90",속초,2018.3.1,57.9,34
"		90",속초,2018.3.2,38.4,15
"		90",속초,2018.3.3,47.9,19
"		90",속초,2018.3.4,78.8,49
"		90",속초,2018.3.5,82.5,47
"		90",속초,2018.3.6,77.1,65
"		90",속초,2018.3.7,84.8,73
"		90",속초,2018.3.8,90.8,74
"		90",속초,2018.3.9,80.1,70
"		90",속초,2018.3.10,66.1,35
"		90",속초,2018.3.11,62.5,38
"		90",속초,2018.3.12,64.3,41
"		90",속초,2018.3.13,30.8,8
"		90",속초,2018.3.14,52.6,33
"		90",속초,2018.3.15,69.6,47
"		90",속초,2018.3.16,63.1,49
"		90",속초,2018.3.17,66,49
"		90",속초,2018.3.18,59.9,41
"		90",속초,2018.3.19,72,48
"		90",속초,2018.3.20,56.6,47
"		90",속초,2018.3.21,63.5,57
"		90",속초,2018.3.22,52.8,33
"		90",속초,2018.3.23,55.1,26
"		90",속초,2018.3.24,35.3,20
"		90",속초,2018.3.25,24,16
"		90",속초,2018.3.26,28.9,21
"		90",속초,2018.3.27,34.3,23
"		90",속초,2018.3.28,33,22
"		90",속초,2018.3.29,62,40
"		90",속초,2018.3.30,77.4,62
"		90",속초,2018.3.31,66.8,30
"		90",속초,2018.4.1,51.3,33
"		90",속초,2018.4.2,61.9,33
"		90",속초,2018.4.3,69.4,41
"		90",속초,2018.4.4,89.9,77
"		90",속초,2018.4.5,93.9,85
"		90",속초,2018.4.6,72.4,35
"		90",속초,2018.4.7,40.6,16
"		90",속초,2018.4.8,53,22
"		90",속초,2018.4.9,49.6,23
"		90",속초,2018.4.10,50.3,17
"		90",속초,2018.4.11,30.4,16
"		90",속초,2018.4.12,32.3,10
"		90",속초,2018.4.13,57.9,24
"		90",속초,2018.4.14,91.6,72
"		90",속초,2018.4.15,51.3,36
"		90",속초,2018.4.16,58,35
"		90",속초,2018.4.17,67.4,44
"		90",속초,2018.4.18,34.5,17
"		90",속초,2018.4.19,23.4,9
"		90",속초,2018.4.20,60.6,28
"		90",속초,2018.4.21,25.6,9
"		90",속초,2018.4.22,59.6,10
"		90",속초,2018.4.23,93.6,80
"		90",속초,2018.4.24,87.1,67
"		90",속초,2018.4.25,65.4,23
"		90",속초,2018.4.26,51.4,14
"		90",속초,2018.4.27,49.3,32
"		90",속초,2018.4.28,42,17
"		90",속초,2018.4.29,30.5,11
"		90",속초,2018.4.30,51.9,22
"		90",속초,2018.5.1,85.1,65
"		90",속초,2018.5.2,89,79
"		90",속초,2018.5.3,57.5,36
"		90",속초,2018.5.4,28.6,15
"		90",속초,2018.5.5,34.3,17
"		90",속초,2018.5.6,88.1,40
"		90",속초,2018.5.7,89.6,77
"		90",속초,2018.5.8,95.9,94
"		90",속초,2018.5.9,81.5,70
"		90",속초,2018.5.10,69.4,37
"		90",속초,2018.5.11,54.6,28
"		90",속초,2018.5.12,83,22
"		90",속초,2018.5.13,82.4,69
"		90",속초,2018.5.14,63.6,38
"		90",속초,2018.5.15,50.4,33
"		90",속초,2018.5.16,79.4,50
"		90",속초,2018.5.17,91.6,72
"		90",속초,2018.5.18,91.6,80
"		90",속초,2018.5.19,76.3,58
"		90",속초,2018.5.20,80.4,63
"		90",속초,2018.5.21,80.3,61
"		90",속초,2018.5.22,89.1,75
"		90",속초,2018.5.23,75.6,43
"		90",속초,2018.5.24,31.8,23
"		90",속초,2018.5.25,55.3,19
"		90",속초,2018.5.26,88.3,74
"		90",속초,2018.5.27,92.6,83
"		90",속초,2018.5.28,87.6,72
"		90",속초,2018.5.29,92.6,80
"		90",속초,2018.5.30,90.5,79
"		90",속초,2018.5.31,63.9,31
"		90",속초,2018.6.1,61.9,43
"		90",속초,2018.6.2,61.4,35
"		90",속초,2018.6.3,45.6,27
"		90",속초,2018.6.4,53.3,31
"		90",속초,2018.6.5,57,38
"		90",속초,2018.6.6,65.3,43
"		90",속초,2018.6.7,55.5,35
"		90",속초,2018.6.8,69.8,36
"		90",속초,2018.6.9,87.6,79
"		90",속초,2018.6.10,93.5,81
"		90",속초,2018.6.11,86.9,75
"		90",속초,2018.6.12,75.1,58
"		90",속초,2018.6.13,84,69
"		90",속초,2018.6.14,86.1,82
"		90",속초,2018.6.15,88.6,77
"		90",속초,2018.6.16,81.1,62
"		90",속초,2018.6.17,83.4,64
"		90",속초,2018.6.18,88.8,75
"		90",속초,2018.6.19,78.6,57
"		90",속초,2018.6.20,72.9,40
"		90",속초,2018.6.21,52.4,32
"		90",속초,2018.6.22,38.4,25
"		90",속초,2018.6.23,50.1,28
"		90",속초,2018.6.24,51.9,29
"		90",속초,2018.6.25,82.5,47
"		90",속초,2018.6.26,95.4,90
"		90",속초,2018.6.27,74.1,41
"		90",속초,2018.6.28,75.8,55
"		90",속초,2018.6.29,84.5,59
"		90",속초,2018.6.30,90.4,77
"		90",속초,2018.7.1,97.6,94
"		90",속초,2018.7.2,96,85
"		90",속초,2018.7.3,90.3,73
"		90",속초,2018.7.4,94.3,82
"		90",속초,2018.7.5,96.9,96
"		90",속초,2018.7.6,91,81
"		90",속초,2018.7.7,84.6,68
"		90",속초,2018.7.8,77.1,63
"		90",속초,2018.7.9,89.6,77
"		90",속초,2018.7.10,96.8,93
"		90",속초,2018.7.11,97.6,97
"		90",속초,2018.7.12,77.5,50
"		90",속초,2018.7.13,68.4,47
"		90",속초,2018.7.14,71.9,55
"		90",속초,2018.7.15,65.1,51
"		90",속초,2018.7.16,67.3,48
"		90",속초,2018.7.17,56.9,44
"		90",속초,2018.7.18,84.5,59
"		90",속초,2018.7.19,82.9,55
"		90",속초,2018.7.20,71.6,41
"		90",속초,2018.7.21,65.4,43
"		90",속초,2018.7.22,64.6,40
"		90",속초,2018.7.23,74.1,60
"		90",속초,2018.7.24,83,67
"		90",속초,2018.7.25,84.3,71
"		90",속초,2018.7.26,71.4,56
"		90",속초,2018.7.27,80.9,60
"		90",속초,2018.7.28,88.9,79
"		90",속초,2018.7.29,83.9,75
"		90",속초,2018.7.30,89,78
"		90",속초,2018.7.31,81.5,63
"		90",속초,2018.8.1,84.8,75
"		90",속초,2018.8.2,83.6,72
"		90",속초,2018.8.3,83.5,71
"		90",속초,2018.8.4,67.9,46
"		90",속초,2018.8.5,67.9,40
"		90",속초,2018.8.6,96.9,92
"		90",속초,2018.8.7,87.9,76
"		90",속초,2018.8.8,90.5,81
"		90",속초,2018.8.9,89.6,79
"		90",속초,2018.8.10,95.1,86
"		90",속초,2018.8.11,85.8,74
"		90",속초,2018.8.12,88.1,75
"		90",속초,2018.8.13,90.1,80
"		90",속초,2018.8.14,80.9,61
"		90",속초,2018.8.15,89,81
"		90",속초,2018.8.16,77,61
"		90",속초,2018.8.17,74.9,58
"		90",속초,2018.8.18,73.6,46
"		90",속초,2018.8.19,79.8,68
"		90",속초,2018.8.20,81,72
"		90",속초,2018.8.21,66.3,50
"		90",속초,2018.8.22,73,58
"		90",속초,2018.8.23,88.4,73
"		90",속초,2018.8.24,94.8,85
"		90",속초,2018.8.25,70.6,51
"		90",속초,2018.8.26,68.5,45
"		90",속초,2018.8.27,86.6,69
"		90",속초,2018.8.28,88.6,72
"		90",속초,2018.8.29,90.6,68
"		90",속초,2018.8.30,72.8,53
"		90",속초,2018.8.31,77.8,58
"		90",속초,2018.9.1,76.9,62
"		90",속초,2018.9.2,76.6,60
"		90",속초,2018.9.3,90.9,78
"		90",속초,2018.9.4,81.1,54
"		90",속초,2018.9.5,45.1,30
"		90",속초,2018.9.6,57.5,41
"		90",속초,2018.9.7,63.9,41
"		90",속초,2018.9.8,60.5,38
"		90",속초,2018.9.9,75.6,59
"		90",속초,2018.9.10,68.4,52
"		90",속초,2018.9.11,71.3,58
"		90",속초,2018.9.12,76.8,59
"		90",속초,2018.9.13,84.3,73
"		90",속초,2018.9.14,86.8,76
"		90",속초,2018.9.15,88.8,74
"		90",속초,2018.9.16,90,83
"		90",속초,2018.9.17,69.1,49
"		90",속초,2018.9.18,77.4,51
"		90",속초,2018.9.19,82.5,66
"		90",속초,2018.9.20,93.6,84
"		90",속초,2018.9.21,95.1,89
"		90",속초,2018.9.22,54.5,35
"		90",속초,2018.9.23,50,30
"		90",속초,2018.9.24,54.8,27
"		90",속초,2018.9.25,63.9,50
"		90",속초,2018.9.26,62.4,45
"		90",속초,2018.9.27,65.4,50
"		90",속초,2018.9.28,73.4,59
"		90",속초,2018.9.29,79,64
"		90",속초,2018.9.30,65.4,30
"		90",속초,2018.10.1,46.1,32
"		90",속초,2018.10.2,60,42
"		90",속초,2018.10.3,61.3,43
"		90",속초,2018.10.4,77.3,56
"		90",속초,2018.10.5,90.5,75
"		90",속초,2018.10.6,95.1,86
"		90",속초,2018.10.7,59.3,26
"		90",속초,2018.10.8,44.5,20
"		90",속초,2018.10.9,55.3,36
"		90",속초,2018.10.10,50.8,32
"		90",속초,2018.10.11,41.5,33
"		90",속초,2018.10.12,58.8,37
"		90",속초,2018.10.13,62.8,47
"		90",속초,2018.10.14,50.6,21
"		90",속초,2018.10.15,61.8,41
"		90",속초,2018.10.16,66.8,56
"		90",속초,2018.10.17,92.1,75
"		90",속초,2018.10.18,76.8,58
"		90",속초,2018.10.19,69.4,51
"		90",속초,2018.10.20,66.3,43
"		90",속초,2018.10.21,62.3,37
"		90",속초,2018.10.22,70.8,52
"		90",속초,2018.10.23,57.9,42
"		90",속초,2018.10.24,55.8,35
"		90",속초,2018.10.25,57.1,35
"		90",속초,2018.10.26,59.3,46
"		90",속초,2018.10.27,38.6,28
"		90",속초,2018.10.28,58.4,40
"		90",속초,2018.10.29,41.9,30
"		90",속초,2018.10.30,49.6,34
"		90",속초,2018.10.31,53.1,34
"		90",속초,2018.11.1,52.6,28
"		90",속초,2018.11.2,54.8,35
"		90",속초,2018.11.3,55.3,41
"		90",속초,2018.11.4,57.9,29
"		90",속초,2018.11.5,76.1,66
"		90",속초,2018.11.6,83.3,68
"		90",속초,2018.11.7,95.4,84
"		90",속초,2018.11.8,96.3,94
"		90",속초,2018.11.9,51.5,37
"		90",속초,2018.11.10,48.6,33
"		90",속초,2018.11.11,62.3,48
"		90",속초,2018.11.12,73.3,41
"		90",속초,2018.11.13,87.3,76
"		90",속초,2018.11.14,87.6,73
"		90",속초,2018.11.15,71.1,49
"		90",속초,2018.11.16,60.3,37
"		90",속초,2018.11.17,70.5,50
"		90",속초,2018.11.18,36.6,20
"		90",속초,2018.11.19,49.8,34
"		90",속초,2018.11.20,32.9,22
"		90",속초,2018.11.21,47.1,28
"		90",속초,2018.11.22,24.4,17
"		90",속초,2018.11.23,31.9,18
"		90",속초,2018.11.24,63,27
"		90",속초,2018.11.25,50.8,36
"		90",속초,2018.11.26,49.8,27
"		90",속초,2018.11.27,44.4,22
"		90",속초,2018.11.28,33.5,16
"		90",속초,2018.11.29,33.4,24
"		90",속초,2018.11.30,37.6,20
"		90",속초,2018.12.1,52.3,31
"		90",속초,2018.12.2,63.9,43
"		90",속초,2018.12.3,83.8,48
"		90",속초,2018.12.4,83.9,41
"		90",속초,2018.12.5,49.9,32
"		90",속초,2018.12.6,64.4,33
"		90",속초,2018.12.7,22.3,13
"		90",속초,2018.12.8,19.8,13
"		90",속초,2018.12.9,27.4,16
"		90",속초,2018.12.10,38.6,14
"		90",속초,2018.12.11,76.3,44
"		90",속초,2018.12.12,41.4,23
"		90",속초,2018.12.13,45.1,19
"		90",속초,2018.12.14,42.3,28
"		90",속초,2018.12.15,33.4,14
"		90",속초,2018.12.16,52.3,35
"		90",속초,2018.12.17,32.8,21
"		90",속초,2018.12.18,34.3,22
"		90",속초,2018.12.19,30.6,19
"		90",속초,2018.12.20,35.8,21
"		90",속초,2018.12.21,59.1,32
"		90",속초,2018.12.22,60.3,39
"		90",속초,2018.12.23,41.8,19
"		90",속초,2018.12.24,20.6,14
"		90",속초,2018.12.25,44.9,21
"		90",속초,2018.12.26,27.9,12
"		90",속초,2018.12.27,13.1,8
"		90",속초,2018.12.28,21.3,10
"		90",속초,2018.12.29,18.8,12
"		90",속초,2018.12.30,30.6,17
"		90",속초,2018.12.31,26.1,13
"		90",속초,2019.1.1,23.6,13
"		90",속초,2019.1.2,20.9,11
"		90",속초,2019.1.3,27.3,13
"		90",속초,2019.1.4,31.1,17
"		90",속초,2019.1.5,31.8,18
"		90",속초,2019.1.6,36.4,21
"		90",속초,2019.1.7,19.9,12
"		90",속초,2019.1.8,19.5,12
"		90",속초,2019.1.9,22.8,5
"		90",속초,2019.1.10,23.6,4
"		90",속초,2019.1.11,54.9,39
"		90",속초,2019.1.12,73.9,63
"		90",속초,2019.1.13,64,41
"		90",속초,2019.1.14,42.5,32
"		90",속초,2019.1.15,38.1,30
"		90",속초,2019.1.16,32.6,11
"		90",속초,2019.1.17,30.3,21
"		90",속초,2019.1.18,25.4,16
"		90",속초,2019.1.19,41.4,24
"		90",속초,2019.1.20,26.6,17
"		90",속초,2019.1.21,35.8,19
"		90",속초,2019.1.22,31.5,18
"		90",속초,2019.1.23,29.9,17
"		90",속초,2019.1.24,34.4,14
"		90",속초,2019.1.25,36.6,13
"		90",속초,2019.1.26,32.1,20
"		90",속초,2019.1.27,26,6
"		90",속초,2019.1.28,31.5,17
"		90",속초,2019.1.29,34.1,20
"		90",속초,2019.1.30,21.9,12
"		90",속초,2019.1.31,67.5,23
"		90",속초,2019.2.1,35.6,16
"		90",속초,2019.2.2,41,24
"		90",속초,2019.2.3,85.6,51
"		90",속초,2019.2.4,23.6,13
"		90",속초,2019.2.5,35.9,18
"		90",속초,2019.2.6,59.4,20
"		90",속초,2019.2.7,62,20
"		90",속초,2019.2.8,43.3,27
"		90",속초,2019.2.9,42.1,17
"		90",속초,2019.2.10,49.8,29
"		90",속초,2019.2.11,22.8,14
"		90",속초,2019.2.12,34.4,21
"		90",속초,2019.2.13,37.6,23
"		90",속초,2019.2.14,68.8,44
"		90",속초,2019.2.15,56.4,42
"		90",속초,2019.2.16,41.9,33
"		90",속초,2019.2.17,30.9,18
"		90",속초,2019.2.18,41.3,19
"		90",속초,2019.2.19,76.6,43
"		90",속초,2019.2.20,52,39
"		90",속초,2019.2.21,58.8,40
"		90",속초,2019.2.22,56,38
"		90",속초,2019.2.23,56.3,39
"		90",속초,2019.2.24,39.5,17
"		90",속초,2019.2.25,49.5,22
"		90",속초,2019.2.26,49.3,33
"		90",속초,2019.2.27,72.4,56
"		90",속초,2019.2.28,59.3,35
"		90",속초,2019.3.1,49.6,25
"		90",속초,2019.3.2,50.8,28
"		90",속초,2019.3.3,58.9,42
"		90",속초,2019.3.4,76.1,55
"		90",속초,2019.3.5,52.6,20
"		90",속초,2019.3.6,60,37
"		90",속초,2019.3.7,78,56
"		90",속초,2019.3.8,49.5,18
"		90",속초,2019.3.9,19.6,7
"		90",속초,2019.3.10,52.1,13
"		90",속초,2019.3.11,53.4,32
"		90",속초,2019.3.12,38.5,16
"		90",속초,2019.3.13,20.5,11
"		90",속초,2019.3.14,30.3,13
"		90",속초,2019.3.15,64.4,32
"		90",속초,2019.3.16,55.8,32
"		90",속초,2019.3.17,49.9,35
"		90",속초,2019.3.18,29,18
"		90",속초,2019.3.19,32.3,20
"		90",속초,2019.3.20,64,25
"		90",속초,2019.3.21,58,30
"		90",속초,2019.3.22,53.3,33
"		90",속초,2019.3.23,37,28
"		90",속초,2019.3.24,29.4,18
"		90",속초,2019.3.25,43.8,27
"		90",속초,2019.3.26,37,16
"		90",속초,2019.3.27,67.5,20
"		90",속초,2019.3.28,88.1,77
"		90",속초,2019.3.29,66.4,47
"		90",속초,2019.3.30,60.3,36
"		90",속초,2019.3.31,48.5,38
"		90",속초,2019.4.1,31.1,18
"		90",속초,2019.4.2,33.4,18
"		90",속초,2019.4.3,30.8,14
"		90",속초,2019.4.4,18.4,13
"		90",속초,2019.4.5,35.1,11
"		90",속초,2019.4.6,43.5,21
"		90",속초,2019.4.7,49.1,32
"		90",속초,2019.4.8,38.6,21
"		90",속초,2019.4.9,58.3,34
"		90",속초,2019.4.10,93.5,84
"		90",속초,2019.4.11,72.1,49
"		90",속초,2019.4.12,63.1,32
"		90",속초,2019.4.13,28.3,15
"		90",속초,2019.4.14,46.4,22
"		90",속초,2019.4.15,37,14
"		90",속초,2019.4.16,15.3,8
"		90",속초,2019.4.17,25.1,9
"		90",속초,2019.4.18,44.9,17
"		90",속초,2019.4.19,52.8,35
"		90",속초,2019.4.20,69.4,44
"		90",속초,2019.4.21,76.1,45
"		90",속초,2019.4.22,86,71
"		90",속초,2019.4.23,80.5,67
"		90",속초,2019.4.24,86.6,64
"		90",속초,2019.4.25,76,47
"		90",속초,2019.4.26,87,67
"		90",속초,2019.4.27,66.1,43
"		90",속초,2019.4.28,54.4,37
"		90",속초,2019.4.29,70.9,46
"		90",속초,2019.4.30,78.9,65
"		90",속초,2019.5.1,73,42
"		90",속초,2019.5.2,48,13
"		90",속초,2019.5.3,72.3,38
"		90",속초,2019.5.4,82.8,66
"		90",속초,2019.5.5,48.4,8
"		90",속초,2019.5.6,43.6,24
"		90",속초,2019.5.7,20.3,11
"		90",속초,2019.5.8,22.8,16
"		90",속초,2019.5.9,23.6,18
"		90",속초,2019.5.10,38.8,25
"		90",속초,2019.5.11,67.4,42
"		90",속초,2019.5.12,83.4,76
"		90",속초,2019.5.13,81.5,68
"		90",속초,2019.5.14,80,52
"		90",속초,2019.5.15,85,66
"		90",속초,2019.5.16,76.9,46
"		90",속초,2019.5.17,61.3,36
"		90",속초,2019.5.18,75.5,53
"		90",속초,2019.5.19,87.9,75
"		90",속초,2019.5.20,44.1,25
"		90",속초,2019.5.21,30.8,19
"		90",속초,2019.5.22,23,16
"		90",속초,2019.5.23,33.5,15
"		90",속초,2019.5.24,46.8,23
"		90",속초,2019.5.25,28.8,15
"		90",속초,2019.5.26,43.1,17
"		90",속초,2019.5.27,65.8,36
"		90",속초,2019.5.28,32.4,17
"		90",속초,2019.5.29,28.5,14
"		90",속초,2019.5.30,29.1,19
"		90",속초,2019.5.31,41.5,22
"		90",속초,2019.6.1,39.6,19
"		90",속초,2019.6.2,51.5,27
"		90",속초,2019.6.3,52.9,32
"		90",속초,2019.6.4,56.4,32
"		90",속초,2019.6.5,85.4,68
"		90",속초,2019.6.6,93.4,81
"		90",속초,2019.6.7,95.6,85
"		90",속초,2019.6.8,83.3,73
"		90",속초,2019.6.9,88.1,78
"		90",속초,2019.6.10,86.4,73
"		90",속초,2019.6.11,81.4,68
"		90",속초,2019.6.12,81.6,66
"		90",속초,2019.6.13,79.6,63
"		90",속초,2019.6.14,71.9,51
"		90",속초,2019.6.15,87.3,74
"		90",속초,2019.6.16,83.8,73
"		90",속초,2019.6.17,82.4,69
"		90",속초,2019.6.18,70.1,33
"		90",속초,2019.6.19,71.9,46
"		90",속초,2019.6.20,70.4,49
"		90",속초,2019.6.21,83.3,58
"		90",속초,2019.6.22,75.4,62
"		90",속초,2019.6.23,78.4,68
"		90",속초,2019.6.24,79.4,67
"		90",속초,2019.6.25,83.8,71
"		90",속초,2019.6.26,88.1,75
"		90",속초,2019.6.27,88.4,78
"		90",속초,2019.6.28,88,76
"		90",속초,2019.6.29,91.1,77
"		90",속초,2019.6.30,77.9,46
"		90",속초,2019.7.1,84.3,58
"		90",속초,2019.7.2,59.4,36
"		90",속초,2019.7.3,66.6,47
"		90",속초,2019.7.4,58.8,38
"		90",속초,2019.7.5,84.8,67
"		90",속초,2019.7.6,85.6,76
"		90",속초,2019.7.7,77.1,65
"		90",속초,2019.7.8,85.3,72
"		90",속초,2019.7.9,77.5,65
"		90",속초,2019.7.10,84.6,68
"		90",속초,2019.7.11,96.8,95
"		90",속초,2019.7.12,79.3,52
"		90",속초,2019.7.13,71.5,52
"		90",속초,2019.7.14,87.8,76
"		90",속초,2019.7.15,91.9,81
"		90",속초,2019.7.16,92.4,82
"		90",속초,2019.7.17,88.1,77
"		90",속초,2019.7.18,83.3,62
"		90",속초,2019.7.19,89.3,78
"		90",속초,2019.7.20,94.8,90
"		90",속초,2019.7.21,95.9,91
"		90",속초,2019.7.22,54.1,42
"		90",속초,2019.7.23,59.5,42
"		90",속초,2019.7.24,74.4,63
"		90",속초,2019.7.25,75.8,61
"		90",속초,2019.7.26,96.3,82
"		90",속초,2019.7.27,89.1,79
"		90",속초,2019.7.28,88.4,72
"		90",속초,2019.7.29,64.4,52
"		90",속초,2019.7.30,65.8,53
"		90",속초,2019.7.31,63.9,54
"		90",속초,2019.8.1,64.3,45
"		90",속초,2019.8.2,66.9,53
"		90",속초,2019.8.3,87.1,78
"		90",속초,2019.8.4,88.5,78
"		90",속초,2019.8.5,86.3,74
"		90",속초,2019.8.6,85.4,72
"		90",속초,2019.8.7,91,65
"		90",속초,2019.8.8,71.4,47
"		90",속초,2019.8.9,70.5,52
"		90",속초,2019.8.10,92.6,84
"		90",속초,2019.8.11,91.9,83
"		90",속초,2019.8.12,95.3,90
"		90",속초,2019.8.13,90.8,84
"		90",속초,2019.8.14,93,85
"		90",속초,2019.8.15,97.1,94
"		90",속초,2019.8.16,80.1,53
"		90",속초,2019.8.17,57.8,46
"		90",속초,2019.8.18,61.6,42
"		90",속초,2019.8.19,80.8,64
"		90",속초,2019.8.20,81.3,69
"		90",속초,2019.8.21,87.4,71
"		90",속초,2019.8.22,69.4,55
"		90",속초,2019.8.23,57,35
"		90",속초,2019.8.24,69.5,49
"		90",속초,2019.8.25,86.6,66
"		90",속초,2019.8.26,83.9,71
"		90",속초,2019.8.27,79.1,57
"		90",속초,2019.8.28,72.6,57
"		90",속초,2019.8.29,63.9,48
"		90",속초,2019.8.30,51.4,38
"		90",속초,2019.8.31,61.5,39
"		90",속초,2019.9.1,69.9,55
"		90",속초,2019.9.2,64.1,44
"		90",속초,2019.9.3,80.3,61
"		90",속초,2019.9.4,96.6,92
"		90",속초,2019.9.5,94,81
"		90",속초,2019.9.6,90.8,78
"		90",속초,2019.9.7,75.8,48
"		90",속초,2019.9.8,64,50
"		90",속초,2019.9.9,79.9,65
"		90",속초,2019.9.10,95.4,90
"		90",속초,2019.9.11,95.9,89
"		90",속초,2019.9.12,80,61
"		90",속초,2019.9.13,78.6,63
"		90",속초,2019.9.14,83.3,70
"		90",속초,2019.9.15,80.8,59
"		90",속초,2019.9.16,79,61
"		90",속초,2019.9.17,78.6,65
"		90",속초,2019.9.18,63.4,41
"		90",속초,2019.9.19,70.8,54
"		90",속초,2019.9.20,68.1,56
"		90",속초,2019.9.21,73,61
"		90",속초,2019.9.22,88.1,71
"		90",속초,2019.9.23,71.8,48
"		90",속초,2019.9.24,73.6,57
"		90",속초,2019.9.25,78.3,54
"		90",속초,2019.9.26,83.6,67
"		90",속초,2019.9.27,80.9,69
"		90",속초,2019.9.28,87.3,75
"		90",속초,2019.9.29,75.1,49
"		90",속초,2019.9.30,72.3,51
"		90",속초,2019.10.1,86.8,70
"		90",속초,2019.10.2,93.6,86
"		90",속초,2019.10.3,85.1,67
"		90",속초,2019.10.4,84.1,74
"		90",속초,2019.10.5,90.5,78
"		90",속초,2019.10.6,72.5,51
"		90",속초,2019.10.7,81,63
"		90",속초,2019.10.8,45.8,28
"		90",속초,2019.10.9,50,29
"		90",속초,2019.10.10,60.1,44
"		90",속초,2019.10.11,67.1,48
"		90",속초,2019.10.12,62,54
"		90",속초,2019.10.13,65.1,54
"		90",속초,2019.10.14,76,44
"		90",속초,2019.10.15,86.4,64
"		90",속초,2019.10.16,66.3,38
"		90",속초,2019.10.17,64.8,44
"		90",속초,2019.10.18,75.1,57
"		90",속초,2019.10.19,81.5,63
"		90",속초,2019.10.20,70.9,53
"		90",속초,2019.10.21,70.4,51
"		90",속초,2019.10.22,80,67
"		90",속초,2019.10.23,76.5,64
"		90",속초,2019.10.24,68.9,52
"		90",속초,2019.10.25,66.6,52
"		90",속초,2019.10.26,51.9,34
"		90",속초,2019.10.27,43,28
"		90",속초,2019.10.28,50,33
"		90",속초,2019.10.29,42.6,30
"		90",속초,2019.10.30,40.6,25
"		90",속초,2019.10.31,43,30
"		90",속초,2019.11.1,58.6,37
"		90",속초,2019.11.2,65.8,53
"		90",속초,2019.11.3,77.4,51
"		90",속초,2019.11.4,72.8,52
"		90",속초,2019.11.5,46.8,23
"		90",속초,2019.11.6,48.5,30
"		90",속초,2019.11.7,59.1,31
"		90",속초,2019.11.8,51,35
"		90",속초,2019.11.9,65,35
"		90",속초,2019.11.10,61.9,48
"		90",속초,2019.11.11,52.8,40
"		90",속초,2019.11.12,55.1,38
"		90",속초,2019.11.13,41,18
"		90",속초,2019.11.14,20.3,12
"		90",속초,2019.11.15,54.1,24
"		90",속초,2019.11.16,46.4,26
"		90",속초,2019.11.17,61,30
"		90",속초,2019.11.18,42.3,16
"		90",속초,2019.11.19,28.4,18
"		90",속초,2019.11.20,28.1,16
"		90",속초,2019.11.21,34,21
"		90",속초,2019.11.22,53,37
"		90",속초,2019.11.23,65,50
"		90",속초,2019.11.24,66.6,44
"		90",속초,2019.11.25,92.3,82
"		90",속초,2019.11.26,78,57
"		90",속초,2019.11.27,66.8,37
"		90",속초,2019.11.28,94.4,82
"		90",속초,2019.11.29,68.1,34
"		90",속초,2019.11.30,59.1,21
"		90",속초,2019.12.1,60.9,26
"		90",속초,2019.12.2,31.4,21
"		90",속초,2019.12.3,38.5,28
"		90",속초,2019.12.4,32.4,22
"		90",속초,2019.12.5,20.6,7
"		90",속초,2019.12.6,23.4,13
"		90",속초,2019.12.7,45.9,20
"		90",속초,2019.12.8,38.1,16
"		90",속초,2019.12.9,50.9,26
"		90",속초,2019.12.10,52.8,27
"		90",속초,2019.12.11,42.9,22
"		90",속초,2019.12.12,24.1,16
"		90",속초,2019.12.13,48.1,21
"		90",속초,2019.12.14,53.9,37
"		90",속초,2019.12.15,56.4,37
"		90",속초,2019.12.16,55.8,33
"		90",속초,2019.12.17,56,40
"		90",속초,2019.12.18,81.3,46
"		90",속초,2019.12.19,41.8,21
"		90",속초,2019.12.20,30.6,17
"		90",속초,2019.12.21,47.3,18
"		90",속초,2019.12.22,54.9,41
"		90",속초,2019.12.23,66.9,46
"		90",속초,2019.12.24,51.8,33
"		90",속초,2019.12.25,33.4,11
"		90",속초,2019.12.26,48.9,36
"		90",속초,2019.12.27,32.4,19
"		90",속초,2019.12.28,43.8,33
"		90",속초,2019.12.29,49.9,37
"		90",속초,2019.12.30,44.5,15
"		90",속초,2019.12.31,21.9,13
"		90",속초,2020.1.1,36.1,28
"		90",속초,2020.1.2,38.6,31
"		90",속초,2020.1.3,28.9,21
"		90",속초,2020.1.4,30.1,24
"		90",속초,2020.1.5,43.3,26
"		90",속초,2020.1.6,48.9,32
"		90",속초,2020.1.7,94.6,61
"		90",속초,2020.1.8,80.3,53
"		90",속초,2020.1.9,51.8,35
"		90",속초,2020.1.10,40.6,20
"		90",속초,2020.1.11,40.3,27
"		90",속초,2020.1.12,45.6,29
"		90",속초,2020.1.13,28.1,18
"		90",속초,2020.1.14,32.8,18
"		90",속초,2020.1.15,30.5,17
"		90",속초,2020.1.16,33.4,17
"		90",속초,2020.1.17,57.8,30
"		90",속초,2020.1.18,78.9,32
"		90",속초,2020.1.19,40.5,28
"		90",속초,2020.1.20,35,22
"		90",속초,2020.1.21,40.5,26
"		90",속초,2020.1.22,33.6,20
"		90",속초,2020.1.23,54.3,40
"		90",속초,2020.1.24,74.3,40
"		90",속초,2020.1.25,79,70
"		90",속초,2020.1.26,74.1,56
"		90",속초,2020.1.27,61.8,52
"		90",속초,2020.1.28,66.4,55
"		90",속초,2020.1.29,65,42
"		90",속초,2020.1.30,85.3,56
"		90",속초,2020.1.31,81.1,59
"		90",속초,2020.2.1,46,33
"		90",속초,2020.2.2,43.6,25
"		90",속초,2020.2.3,30.5,15
"		90",속초,2020.2.4,34.6,20
"		90",속초,2020.2.5,26.3,16
"		90",속초,2020.2.6,58.5,34
"		90",속초,2020.2.7,34,14
"		90",속초,2020.2.8,54.4,29
"		90",속초,2020.2.9,42.6,21
"		90",속초,2020.2.10,46.6,30
"		90",속초,2020.2.11,50,29
"		90",속초,2020.2.12,65,36
"		90",속초,2020.2.13,61.5,29
"		90",속초,2020.2.14,67.5,45
"		90",속초,2020.2.15,85.8,77
"		90",속초,2020.2.16,65.4,36
"		90",속초,2020.2.17,44.8,40
"		90",속초,2020.2.18,38.5,22
"		90",속초,2020.2.19,43,32
"		90",속초,2020.2.20,48.8,30
"		90",속초,2020.2.21,48.4,25
"		90",속초,2020.2.22,40.8,27
"		90",속초,2020.2.23,25.8,14
"		90",속초,2020.2.24,43.4,14
"		90",속초,2020.2.25,82,35
"		90",속초,2020.2.26,92.9,77
"		90",속초,2020.2.27,81.6,51
"		90",속초,2020.2.28,69.6,47
"		90",속초,2020.2.29,64.6,46
"		90",속초,2020.3.1,78.5,58
"		90",속초,2020.3.2,66.5,39
"		90",속초,2020.3.3,74.3,54
"		90",속초,2020.3.4,39.4,22
"		90",속초,2020.3.5,47,29
"		90",속초,2020.3.6,43.5,22
"		90",속초,2020.3.7,65.4,45
"		90",속초,2020.3.8,76.8,63
"		90",속초,2020.3.9,75.6,52
"		90",속초,2020.3.10,86.3,56
"		90",속초,2020.3.11,35,19
"		90",속초,2020.3.12,28.6,17
"		90",속초,2020.3.13,45.3,11
"		90",속초,2020.3.14,33.1,15
"		90",속초,2020.3.15,47.5,22
"		90",속초,2020.3.16,53,19
"		90",속초,2020.3.17,49.5,22
"		90",속초,2020.3.18,36.3,18
"		90",속초,2020.3.19,35,20
"		90",속초,2020.3.20,25.4,14
"		90",속초,2020.3.21,57.1,20
"		90",속초,2020.3.22,47.3,30
"		90",속초,2020.3.23,51.8,28
"		90",속초,2020.3.24,65.4,50
"		90",속초,2020.3.25,78.5,67
"		90",속초,2020.3.26,62.9,31
"		90",속초,2020.3.27,90.3,67
"		90",속초,2020.3.28,47.9,31
"		90",속초,2020.3.29,66,49
"		90",속초,2020.3.30,68.9,49
"		90",속초,2020.3.31,70.3,36
"		90",속초,2020.4.1,63.3,30
"		90",속초,2020.4.2,35.8,15
"		90",속초,2020.4.3,18.8,12
"		90",속초,2020.4.4,36.4,21
"		90",속초,2020.4.5,35.1,19
"		90",속초,2020.4.6,39,22
"		90",속초,2020.4.7,49.5,20
"		90",속초,2020.4.8,56.8,31
"		90",속초,2020.4.9,51,32
"		90",속초,2020.4.10,60.6,39
"		90",속초,2020.4.11,56.4,39
"		90",속초,2020.4.12,70.9,54
"		90",속초,2020.4.13,45.3,24
"		90",속초,2020.4.14,28,13
"		90",속초,2020.4.15,52.3,20
"		90",속초,2020.4.16,67.3,52
"		90",속초,2020.4.17,70.9,59
"		90",속초,2020.4.18,79.6,67
"		90",속초,2020.4.19,82.5,72
"		90",속초,2020.4.20,65.6,36
"		90",속초,2020.4.21,32.4,20
"		90",속초,2020.4.22,32.6,23
"		90",속초,2020.4.23,43.9,22
"		90",속초,2020.4.24,28.4,18
"		90",속초,2020.4.25,40.4,24
"		90",속초,2020.4.26,67.3,48
"		90",속초,2020.4.27,66.1,52
"		90",속초,2020.4.28,26.8,16
"		90",속초,2020.4.29,47.3,26
"		90",속초,2020.4.30,39.8,22
"		90",속초,2020.5.1,42.4,25
"		90",속초,2020.5.2,49,39
"		90",속초,2020.5.3,62.9,33
"		90",속초,2020.5.4,81.9,41
"		90",속초,2020.5.5,75,61
"		90",속초,2020.5.6,78.8,66
"		90",속초,2020.5.7,76.3,66
"		90",속초,2020.5.8,81.1,55
"		90",속초,2020.5.9,95.8,90
"		90",속초,2020.5.10,63.4,42
"		90",속초,2020.5.11,32.3,20
"		90",속초,2020.5.12,45.6,30
"		90",속초,2020.5.13,25.1,18
"		90",속초,2020.5.14,23.8,12
"		90",속초,2020.5.15,75.9,24
"		90",속초,2020.5.16,91,87
"		90",속초,2020.5.17,90.4,78
"		90",속초,2020.5.18,97.5,96
"		90",속초,2020.5.19,94,86
"		90",속초,2020.5.20,82.9,59
"		90",속초,2020.5.21,73.8,64
"		90",속초,2020.5.22,84.8,75
"		90",속초,2020.5.23,88.5,74
"		90",속초,2020.5.24,78.5,48
"		90",속초,2020.5.25,57.9,42
"		90",속초,2020.5.26,70.1,42
"		90",속초,2020.5.27,53.3,26
"		90",속초,2020.5.28,67.6,44
"		90",속초,2020.5.29,69.3,53
"		90",속초,2020.5.30,74.4,57
"		90",속초,2020.5.31,84.1,70
"		90",속초,2020.6.1,40.8,20
"		90",속초,2020.6.2,56.5,28
"		90",속초,2020.6.3,58.4,33
"		90",속초,2020.6.4,51,34
"		90",속초,2020.6.5,82.5,53
"		90",속초,2020.6.6,86,72
"		90",속초,2020.6.7,78.4,63
"		90",속초,2020.6.8,71.9,43
"		90",속초,2020.6.9,67.6,43
"		90",속초,2020.6.10,73.5,49
"		90",속초,2020.6.11,70.1,56
"		90",속초,2020.6.12,90.6,58
"		90",속초,2020.6.13,73.3,47
"		90",속초,2020.6.14,56.4,34
"		90",속초,2020.6.15,35.5,27
"		90",속초,2020.6.16,56.3,35
"		90",속초,2020.6.17,71.5,53
"		90",속초,2020.6.18,80.8,59
"		90",속초,2020.6.19,93.9,89
"		90",속초,2020.6.20,85,70
"		90",속초,2020.6.21,82.1,68
"		90",속초,2020.6.22,83.3,64
"		90",속초,2020.6.23,84.4,70
"		90",속초,2020.6.24,95.3,85
"		90",속초,2020.6.25,92.6,83
"		90",속초,2020.6.26,68.6,49
"		90",속초,2020.6.27,66.5,47
"		90",속초,2020.6.28,86,76
"		90",속초,2020.6.29,88.3,80
"		90",속초,2020.6.30,96.1,94
"		90",속초,2020.7.1,81,57
"		90",속초,2020.7.2,76.9,66
"		90",속초,2020.7.3,82.1,62
"		90",속초,2020.7.4,80.5,68
"		90",속초,2020.7.5,74.6,49
"		90",속초,2020.7.6,80.9,55
"		90",속초,2020.7.7,85.8,72
"		90",속초,2020.7.8,82.1,70
"		90",속초,2020.7.9,86,70
"		90",속초,2020.7.10,96.5,88
"		90",속초,2020.7.11,89.9,73
"		90",속초,2020.7.12,84.1,74
"		90",속초,2020.7.13,91.9,84
"		90",속초,2020.7.14,87.8,82
"		90",속초,2020.7.15,77.6,63
"		90",속초,2020.7.16,80.5,67
"		90",속초,2020.7.17,81.5,67
"		90",속초,2020.7.18,81.3,67
"		90",속초,2020.7.19,88.8,75
"		90",속초,2020.7.20,67.8,54
"		90",속초,2020.7.21,71.9,57
"		90",속초,2020.7.22,87.8,80
"		90",속초,2020.7.23,94.8,88
"		90",속초,2020.7.24,96,92
"		90",속초,2020.7.25,97.4,97
"		90",속초,2020.7.26,92.3,81
"		90",속초,2020.7.27,95.9,94
"		90",속초,2020.7.28,94.1,86
"		90",속초,2020.7.29,95.5,89
"		90",속초,2020.7.30,91,82
"		90",속초,2020.7.31,70.4,45
"		90",속초,2020.8.1,79.1,63
"		90",속초,2020.8.2,92.5,60
"		90",속초,2020.8.3,76.3,45
"		90",속초,2020.8.4,88.3,56
"		90",속초,2020.8.5,97.9,97
"		90",속초,2020.8.6,91.9,76
"		90",속초,2020.8.7,83.1,65
"		90",속초,2020.8.8,92,85
"		90",속초,2020.8.9,90.4,65
"		90",속초,2020.8.10,85.4,56
"		90",속초,2020.8.11,81.9,57
"		90",속초,2020.8.12,68.6,54
"		90",속초,2020.8.13,70.9,47
"		90",속초,2020.8.14,60.3,52
"		90",속초,2020.8.15,66.8,54
"		90",속초,2020.8.16,66.3,49
"		90",속초,2020.8.17,69.3,56
"		90",속초,2020.8.18,70.9,51
"		90",속초,2020.8.19,58.8,40
"		90",속초,2020.8.20,86.6,52
"		90",속초,2020.8.21,94.8,86
"		90",속초,2020.8.22,94.3,85
"		90",속초,2020.8.23,86.9,74
"		90",속초,2020.8.24,84.6,70
"		90",속초,2020.8.25,79.1,61
"		90",속초,2020.8.26,88.4,77
"		90",속초,2020.8.27,82.6,61
"		90",속초,2020.8.28,84.4,68
"		90",속초,2020.8.29,86.1,69
"		90",속초,2020.8.30,93.8,87
"		90",속초,2020.8.31,86.6,77
"		90",속초,2020.9.1,85.3,73
"		90",속초,2020.9.2,97.4,95
"		90",속초,2020.9.3,68.6,42
"		90",속초,2020.9.4,55.8,37
"		90",속초,2020.9.5,78.3,64
"		90",속초,2020.9.6,88.5,73
"		90",속초,2020.9.7,83.1,56
"		90",속초,2020.9.8,49.9,43
"		90",속초,2020.9.9,65.3,50
"		90",속초,2020.9.10,69,48
"		90",속초,2020.9.11,84.8,73
"		90",속초,2020.9.12,92.3,82
"		90",속초,2020.9.13,89.5,78
"		90",속초,2020.9.14,82.8,46
"		90",속초,2020.9.15,87,77
"		90",속초,2020.9.16,89.1,71
"		90",속초,2020.9.17,59,31
"		90",속초,2020.9.18,47,32
"		90",속초,2020.9.19,41,26
"		90",속초,2020.9.20,57.1,34
"		90",속초,2020.9.21,64.6,48
"		90",속초,2020.9.22,76.4,63
"		90",속초,2020.9.23,78,62
"		90",속초,2020.9.24,84,74
"		90",속초,2020.9.25,83.5,77
"		90",속초,2020.9.26,82.8,71
"		90",속초,2020.9.27,82.4,64
"		90",속초,2020.9.28,80.8,61
"		90",속초,2020.9.29,72.5,45
"		90",속초,2020.9.30,83.4,72
"		90",속초,2020.10.1,80.3,72
"		90",속초,2020.10.2,74.8,46
"		90",속초,2020.10.3,75.8,61
"		90",속초,2020.10.4,55.8,34
"		90",속초,2020.10.5,41.6,24
"		90",속초,2020.10.6,56,36
"		90",속초,2020.10.7,64.8,43
"		90",속초,2020.10.8,72.3,54
"		90",속초,2020.10.9,68.5,57
"		90",속초,2020.10.10,73.4,58
"		90",속초,2020.10.11,75.3,58
"		90",속초,2020.10.12,78.8,60
"		90",속초,2020.10.13,69.5,39
"		90",속초,2020.10.14,57.8,33
"		90",속초,2020.10.15,57.3,29
"		90",속초,2020.10.16,54.9,37
"		90",속초,2020.10.17,63,42
"		90",속초,2020.10.18,50.4,33
"		90",속초,2020.10.19,62.9,42
"		90",속초,2020.10.20,63.4,42
"		90",속초,2020.10.21,62.4,37
"		90",속초,2020.10.22,52.6,26
"		90",속초,2020.10.23,44.4,27
"		90",속초,2020.10.24,27.3,16
"		90",속초,2020.10.25,25.9,16
"		90",속초,2020.10.26,61.1,31
"		90",속초,2020.10.27,62.6,44
"		90",속초,2020.10.28,50.6,27
"		90",속초,2020.10.29,41.6,24
"		90",속초,2020.10.30,60.8,40
"		90",속초,2020.10.31,58.4,35
"		90",속초,2020.11.1,51.9,37
"		90",속초,2020.11.2,27.3,15
"		90",속초,2020.11.3,26.1,14
"		90",속초,2020.11.4,21.5,8
"		90",속초,2020.11.5,39.5,26
"		90",속초,2020.11.6,33.3,8
"		90",속초,2020.11.7,37.5,22
"		90",속초,2020.11.8,23.9,6
"		90",속초,2020.11.9,24.9,12
"		90",속초,2020.11.10,43.9,25
"		90",속초,2020.11.11,46.1,24
"		90",속초,2020.11.12,32.3,17
"		90",속초,2020.11.13,54.4,20
"		90",속초,2020.11.14,70.4,58
"		90",속초,2020.11.15,50.6,25
"		90",속초,2020.11.16,60.4,39
"		90",속초,2020.11.17,80.6,63
"		90",속초,2020.11.18,89,79
"		90",속초,2020.11.19,66.3,48
"		90",속초,2020.11.20,52.5,42
"		90",속초,2020.11.21,62.8,48
"		90",속초,2020.11.22,60.8,45
"		90",속초,2020.11.23,41.8,25
"		90",속초,2020.11.24,45.1,36
"		90",속초,2020.11.25,37.5,18
"		90",속초,2020.11.26,63.4,33
"		90",속초,2020.11.27,60.5,31
"		90",속초,2020.11.28,36,22
"		90",속초,2020.11.29,36.1,23
"		90",속초,2020.11.30,29.9,19
"		90",속초,2020.12.1,36.4,21
"		90",속초,2020.12.2,34.6,25
"		90",속초,2020.12.3,23.6,16
"		90",속초,2020.12.4,26.3,12
"		90",속초,2020.12.5,38.5,24
"		90",속초,2020.12.6,44.4,33
"		90",속초,2020.12.7,32.5,17
"		90",속초,2020.12.8,32.4,19
"		90",속초,2020.12.9,34.6,16
"		90",속초,2020.12.10,48.8,42
"		90",속초,2020.12.11,43.6,35
"		90",속초,2020.12.12,29.6,18
"		90",속초,2020.12.13,56.3,35
"		90",속초,2020.12.14,24.3,16
"		90",속초,2020.12.15,16.4,11
"		90",속초,2020.12.16,17,10
"		90",속초,2020.12.17,25.8,12
"		90",속초,2020.12.18,36,21
"		90",속초,2020.12.19,18,6
"		90",속초,2020.12.20,27.4,16
"		90",속초,2020.12.21,30.8,16
"		90",속초,2020.12.22,42.4,34
"		90",속초,2020.12.23,40.9,27
"		90",속초,2020.12.24,29.8,17
"		90",속초,2020.12.25,24.8,15
"		90",속초,2020.12.26,40.6,26
"		90",속초,2020.12.27,49.3,35
"		90",속초,2020.12.28,59.9,33
"		90",속초,2020.12.29,60.8,41
"		90",속초,2020.12.30,26.4,18
"		90",속초,2020.12.31,28.1,21
"		90",속초,2021.1.1,27.6,23
"		90",속초,2021.1.2,16.8,10
"		90",속초,2021.1.3,19.4,14
"		90",속초,2021.1.4,25.1,13
"		90",속초,2021.1.5,29.6,13
"		90",속초,2021.1.6,26.1,14
"		90",속초,2021.1.7,23.4,17
"		90",속초,2021.1.8,24.1,18
"		90",속초,2021.1.9,28.4,20
"		90",속초,2021.1.10,31.6,24
"		90",속초,2021.1.11,32.4,21
"		90",속초,2021.1.12,41.4,22
"		90",속초,2021.1.13,41.4,30
"		90",속초,2021.1.14,35.5,12
"		90",속초,2021.1.15,68.1,33
"		90",속초,2021.1.16,35.3,24
"		90",속초,2021.1.17,29.6,18
"		90",속초,2021.1.18,42.3,19
"		90",속초,2021.1.19,44.3,29
"		90",속초,2021.1.20,40.1,23
"		90",속초,2021.1.21,65.4,34
"		90",속초,2021.1.22,87.6,74
"		90",속초,2021.1.23,91.5,81
"		90",속초,2021.1.24,84.5,77
"		90",속초,2021.1.25,91.8,82
"		90",속초,2021.1.26,77.6,38
"		90",속초,2021.1.27,38.4,14
"		90",속초,2021.1.28,34.4,18
"		90",속초,2021.1.29,21.5,14
"		90",속초,2021.1.30,37.1,21
"		90",속초,2021.1.31,50.9,24
"		90",속초,2021.2.1,46.9,13
"		90",속초,2021.2.2,20.3,13
"		90",속초,2021.2.3,35.3,20
"		90",속초,2021.2.4,28.9,14
"		90",속초,2021.2.5,38.5,22
"		90",속초,2021.2.6,47.8,33
"		90",속초,2021.2.7,79.9,52
"		90",속초,2021.2.8,33.8,19
"		90",속초,2021.2.9,28.4,19
"		90",속초,2021.2.10,42.9,30
"		90",속초,2021.2.11,53.8,33
"		90",속초,2021.2.12,61,31
"		90",속초,2021.2.13,79.8,45
"		90",속초,2021.2.14,85.8,51
"		90",속초,2021.2.15,56.3,25
"		90",속초,2021.2.16,24.1,14
"		90",속초,2021.2.17,28.8,21
"		90",속초,2021.2.18,31.5,20
"		90",속초,2021.2.19,34.1,21
"		90",속초,2021.2.20,30.9,14
"		90",속초,2021.2.21,65.6,19
"		90",속초,2021.2.22,81.1,72
"		90",속초,2021.2.23,48.8,31
"		90",속초,2021.2.24,48.8,31
"		90",속초,2021.2.25,69.8,63
"		90",속초,2021.2.26,73.3,53
"		90",속초,2021.2.27,83,66
"		90",속초,2021.2.28,72.9,58
"		90",속초,2021.3.1,90.8,43
"		90",속초,2021.3.2,87.8,76
"		90",속초,2021.3.3,68.8,48
"		90",속초,2021.3.4,60.5,45
"		90",속초,2021.3.5,59.1,28
"		90",속초,2021.3.6,83.1,62
"		90",속초,2021.3.7,85.3,72
"		90",속초,2021.3.8,86.5,73
"		90",속초,2021.3.9,60.8,27
"		90",속초,2021.3.10,60.8,28
"		90",속초,2021.3.11,54,28
"		90",속초,2021.3.12,79.9,47
"		90",속초,2021.3.13,65.9,45
"		90",속초,2021.3.14,79.4,65
"		90",속초,2021.3.15,63,36
"		90",속초,2021.3.16,53.4,15
"		90",속초,2021.3.17,61.3,39
"		90",속초,2021.3.18,78.1,71
"		90",속초,2021.3.19,81.9,73
"		90",속초,2021.3.20,86.3,66
"		90",속초,2021.3.21,53.1,26
"		90",속초,2021.3.22,29.5,18
"		90",속초,2021.3.23,22.6,14
"		90",속초,2021.3.24,30.5,16
"		90",속초,2021.3.25,41.5,20
"		90",속초,2021.3.26,54.9,21
"		90",속초,2021.3.27,86.6,77
"		90",속초,2021.3.28,73.1,47
"		90",속초,2021.3.29,34,18
"		90",속초,2021.3.30,35.9,15
"		90",속초,2021.3.31,67.1,34
"		90",속초,2021.4.1,88.4,77
"		90",속초,2021.4.2,83.4,70
"		90",속초,2021.4.3,87,69
"		90",속초,2021.4.4,66.1,43
"		90",속초,2021.4.5,51.8,33
"		90",속초,2021.4.6,48,19
"		90",속초,2021.4.7,48.6,24
"		90",속초,2021.4.8,60.6,33
"		90",속초,2021.4.9,50.9,38
"		90",속초,2021.4.10,60.6,43
"		90",속초,2021.4.11,71.6,41
"		90",속초,2021.4.12,85.4,66
"		90",속초,2021.4.13,57.5,25
"		90",속초,2021.4.14,44.6,25
"		90",속초,2021.4.15,42.6,27
"		90",속초,2021.4.16,39.4,28
"		90",속초,2021.4.17,38,21
"		90",속초,2021.4.18,45.1,31
"		90",속초,2021.4.19,26.8,17
"		90",속초,2021.4.20,46,21
"		90",속초,2021.4.21,73,50
"		90",속초,2021.4.22,85.3,59
"		90",속초,2021.4.23,91.9,83
"		90",속초,2021.4.24,77,43
"		90",속초,2021.4.25,59.4,41
"		90",속초,2021.4.26,64.8,47
"		90",속초,2021.4.27,54.4,33
"		90",속초,2021.4.28,31.6,15
"		90",속초,2021.4.29,65.6,31
"		90",속초,2021.4.30,86,59
"		90",속초,2021.5.1,88.5,65
"		90",속초,2021.5.2,58.9,32
"		90",속초,2021.5.3,37.8,17
"		90",속초,2021.5.4,57.6,14
"		90",속초,2021.5.5,41.4,18
"		90",속초,2021.5.6,35.5,18
"		90",속초,2021.5.7,37,17
"		90",속초,2021.5.8,34.8,25
"		90",속초,2021.5.9,26.8,14
"		90",속초,2021.5.10,41.3,24
"		90",속초,2021.5.11,70.1,56
"		90",속초,2021.5.12,78.8,62
"		90",속초,2021.5.13,80.4,69
"		90",속초,2021.5.14,85.5,71
"		90",속초,2021.5.15,91.5,81
"		90",속초,2021.5.16,94.4,90
"		90",속초,2021.5.17,85.6,70
"		90",속초,2021.5.18,82.9,59
"		90",속초,2021.5.19,46,21
"		90",속초,2021.5.20,72.9,38
"		90",속초,2021.5.21,79,61
"		90",속초,2021.5.22,61.4,38
"		90",속초,2021.5.23,51.4,31
"		90",속초,2021.5.24,41.9,22
"		90",속초,2021.5.25,58.5,33
"		90",속초,2021.5.26,38.8,26
"		90",속초,2021.5.27,77.8,36
"		90",속초,2021.5.28,76.8,52
"		90",속초,2021.5.29,75,50
"		90",속초,2021.5.30,62.1,46
"		90",속초,2021.5.31,89.1,76
"		90",속초,2021.6.1,91.8,84
"		90",속초,2021.6.2,90.9,76
"		90",속초,2021.6.3,95,79
"		90",속초,2021.6.4,44.6,27
"		90",속초,2021.6.5,43,26
"		90",속초,2021.6.6,55.1,35
"		90",속초,2021.6.7,54.5,35
"		90",속초,2021.6.8,77.4,55
"		90",속초,2021.6.9,86.5,75
"		90",속초,2021.6.10,90.4,82
"		90",속초,2021.6.11,69,48
"		90",속초,2021.6.12,73.8,58
"		90",속초,2021.6.13,91,79
"		90",속초,2021.6.14,87.6,77
"		90",속초,2021.6.15,94.5,89
"		90",속초,2021.6.16,88.5,79
"		90",속초,2021.6.17,83.9,69
"		90",속초,2021.6.18,72.4,48
"		90",속초,2021.6.19,78.5,52
"		90",속초,2021.6.20,83.9,71
"		90",속초,2021.6.21,86.5,74
"		90",속초,2021.6.22,88.6,77
"		90",속초,2021.6.23,83,67
"		90",속초,2021.6.24,84,72
"		90",속초,2021.6.25,86,73
"		90",속초,2021.6.26,92.5,73
"		90",속초,2021.6.27,89.4,75
"		90",속초,2021.6.28,87.8,76
"		90",속초,2021.6.29,82.5,69
"		90",속초,2021.6.30,89.1,80
"		90",속초,2021.7.1,86.8,73
"		90",속초,2021.7.2,84.4,72
"		90",속초,2021.7.3,89.8,76
"		90",속초,2021.7.4,93.3,86
"		90",속초,2021.7.5,70.8,50
"		90",속초,2021.7.6,79.9,65
"		90",속초,2021.7.7,87.1,77
"		90",속초,2021.7.8,92.4,79
"		90",속초,2021.7.9,90.1,79
"		90",속초,2021.7.10,91.6,79
"		90",속초,2021.7.11,74.1,55
"		90",속초,2021.7.12,80.8,70
"		90",속초,2021.7.13,88.4,76
"		90",속초,2021.7.14,86.5,78
"		90",속초,2021.7.15,85.1,74
"		90",속초,2021.7.16,85.8,74
"		90",속초,2021.7.17,86.9,78
"		90",속초,2021.7.18,84.6,74
"		90",속초,2021.7.19,83.1,71
"		90",속초,2021.7.20,85.6,74
"		90",속초,2021.7.21,84.1,69
"		90",속초,2021.7.22,84.1,72
"		90",속초,2021.7.23,84.3,70
"		90",속초,2021.7.24,86,73
"		90",속초,2021.7.25,84.9,73
"		90",속초,2021.7.26,84.1,69
"		90",속초,2021.7.27,81,68
"		90",속초,2021.7.28,78,66
"		90",속초,2021.7.29,79.9,66
"		90",속초,2021.7.30,80.5,69
"		90",속초,2021.7.31,83,64
"		90",속초,2021.8.1,86.1,71
"		90",속초,2021.8.2,89.8,80
"		90",속초,2021.8.3,83.8,63
"		90",속초,2021.8.4,75.6,58
"		90",속초,2021.8.5,71.8,53
"		90",속초,2021.8.6,80,66
"		90",속초,2021.8.7,82.4,72
"		90",속초,2021.8.8,88.4,77
"		90",속초,2021.8.9,84.1,69
"		90",속초,2021.8.10,84.6,69
"		90",속초,2021.8.11,84,65
"		90",속초,2021.8.12,84.6,75
"		90",속초,2021.8.13,82.6,74
"		90",속초,2021.8.14,84,67
"		90",속초,2021.8.15,81.5,66
"		90",속초,2021.8.16,80.3,68
"		90",속초,2021.8.17,87.1,78
"		90",속초,2021.8.18,87.8,80
"		90",속초,2021.8.19,82.8,76
"		90",속초,2021.8.20,78.9,66
"		90",속초,2021.8.21,83.8,56
"		90",속초,2021.8.22,54.9,45
"		90",속초,2021.8.23,75.3,56
"		90",속초,2021.8.24,97.1,90
"		90",속초,2021.8.25,94,89
"		90",속초,2021.8.26,80.8,51
"		90",속초,2021.8.27,63,44
"		90",속초,2021.8.28,55.5,42
"		90",속초,2021.8.29,61.1,51
"		90",속초,2021.8.30,69,48
"		90",속초,2021.8.31,81.1,62
"		90",속초,2021.9.1,96.5,87
"		90",속초,2021.9.2,84.4,69
"		90",속초,2021.9.3,77.6,59
"		90",속초,2021.9.4,75.6,59
"		90",속초,2021.9.5,86.3,71
"		90",속초,2021.9.6,76.6,64
"		90",속초,2021.9.7,94.6,75
"		90",속초,2021.9.8,89,74
"		90",속초,2021.9.9,83.8,68
"		90",속초,2021.9.10,78.5,58
"		90",속초,2021.9.11,63.1,31
"		90",속초,2021.9.12,73.9,60
"		90",속초,2021.9.13,78.8,61
"		90",속초,2021.9.14,78.4,62
"		90",속초,2021.9.15,74.1,59
"		90",속초,2021.9.16,78.1,63
"		90",속초,2021.9.17,82.5,64
"		90",속초,2021.9.18,83.8,70
"		90",속초,2021.9.19,80.4,66
"		90",속초,2021.9.20,79.9,64
"		90",속초,2021.9.21,74.8,48
"		90",속초,2021.9.22,53.6,44
"		90",속초,2021.9.23,59.1,40
"		90",속초,2021.9.24,82.3,70
"		90",속초,2021.9.25,96,92
"		90",속초,2021.9.26,80.9,60
"		90",속초,2021.9.27,80.8,59
"		90",속초,2021.9.28,82.1,65
"		90",속초,2021.9.29,94.5,88
"		90",속초,2021.9.30,82.9,65
"		90",속초,2021.10.1,78.8,59
"		90",속초,2021.10.2,78.8,54
"		90",속초,2021.10.3,67,33
"		90",속초,2021.10.4,61.8,32
"		90",속초,2021.10.5,96.3,92
"		90",속초,2021.10.6,96.1,91
"		90",속초,2021.10.7,92.1,81
"		90",속초,2021.10.8,97.8,96
"		90",속초,2021.10.9,98.4,97
"		90",속초,2021.10.10,76.8,55
"		90",속초,2021.10.11,72.6,40
"		90",속초,2021.10.12,75.1,52
"		90",속초,2021.10.13,70.9,53
"		90",속초,2021.10.14,70.8,52
"		90",속초,2021.10.15,85.5,66
"		90",속초,2021.10.16,60.6,35
"		90",속초,2021.10.17,47.5,28
"		90",속초,2021.10.18,49,29
"		90",속초,2021.10.19,72.8,50
"		90",속초,2021.10.20,73.4,50
"		90",속초,2021.10.21,73.5,58
"		90",속초,2021.10.22,72.4,49
"		90",속초,2021.10.23,60.1,43
"		90",속초,2021.10.24,47.8,31
"		90",속초,2021.10.25,49.8,29
"		90",속초,2021.10.26,45,28
"		90",속초,2021.10.27,48.6,29
"		90",속초,2021.10.28,48.9,28
"		90",속초,2021.10.29,59,40
"		90",속초,2021.10.30,59.3,41
"		90",속초,2021.10.31,56.5,37
"		90",속초,2021.11.1,61.4,37
"		90",속초,2021.11.2,82.4,66
"		90",속초,2021.11.3,71.8,52
"		90",속초,2021.11.4,56.8,37
"		90",속초,2021.11.5,60.4,44
"		90",속초,2021.11.6,72.1,57
"		90",속초,2021.11.7,69,55
"		90",속초,2021.11.8,61.5,42
"		90",속초,2021.11.9,49.8,42
"		90",속초,2021.11.10,40.9,33
"		90",속초,2021.11.11,39.3,28
"		90",속초,2021.11.12,34.9,21
"		90",속초,2021.11.13,41.5,21
"		90",속초,2021.11.14,47.6,32
"		90",속초,2021.11.15,47.6,25
"		90",속초,2021.11.16,49.4,31
"		90",속초,2021.11.17,38.5,25
"		90",속초,2021.11.18,47.4,39
"		90",속초,2021.11.19,51.6,37
"		90",속초,2021.11.20,73.6,53
"		90",속초,2021.11.21,74.1,48
"		90",속초,2021.11.22,38.1,24
"		90",속초,2021.11.23,26.9,13
"		90",속초,2021.11.24,36.4,21
"		90",속초,2021.11.25,28.6,16
"		90",속초,2021.11.26,29.6,22
"		90",속초,2021.11.27,46.1,28
"		90",속초,2021.11.28,25.5,12
"		90",속초,2021.11.29,30.6,8
"		90",속초,2021.11.30,66.3,50
"		90",속초,2021.12.1,35.9,25
"		90",속초,2021.12.2,37.8,24
"		90",속초,2021.12.3,30.6,19
"		90",속초,2021.12.4,27,19
"		90",속초,2021.12.5,44.4,29
"		90",속초,2021.12.6,44,29
"		90",속초,2021.12.7,73.3,49
"		90",속초,2021.12.8,74.6,54
"		90",속초,2021.12.9,65.5,47
"		90",속초,2021.12.10,61.5,49
"		90",속초,2021.12.11,57.6,39
"		90",속초,2021.12.12,32.8,19
"		90",속초,2021.12.13,30.5,19
"		90",속초,2021.12.14,44.5,31
"		90",속초,2021.12.15,54.1,45
"		90",속초,2021.12.16,42.3,22
"		90",속초,2021.12.17,26.6,15
"		90",속초,2021.12.18,36.6,14
"		90",속초,2021.12.19,33.6,16
"		90",속초,2021.12.20,41.6,25
"		90",속초,2021.12.21,39.6,20
"		90",속초,2021.12.22,60.6,29
"		90",속초,2021.12.23,59.3,34
"		90",속초,2021.12.24,77,43
"		90",속초,2021.12.25,65.6,35
"		90",속초,2021.12.26,42.9,32
"		90",속초,2021.12.27,44.6,31
"		90",속초,2021.12.28,41.9,19
"		90",속초,2021.12.29,48.5,37
"		90",속초,2021.12.30,34.5,24
"		90",속초,2021.12.31,24.4,18
"		90",속초,2022.1.1,40.8,19
"		90",속초,2022.1.2,37.8,20
"		90",속초,2022.1.3,33.9,14
"		90",속초,2022.1.4,43.4,25
"		90",속초,2022.1.5,60.1,42
"		90",속초,2022.1.6,57.4,30
"		90",속초,2022.1.7,46.9,32
"		90",속초,2022.1.8,45.3,29
"		90",속초,2022.1.9,66.1,51
"		90",속초,2022.1.10,65.6,51
"		90",속초,2022.1.11,36.3,21
"		90",속초,2022.1.12,28.3,19
"		90",속초,2022.1.13,31.4,23
"		90",속초,2022.1.14,33.9,23
"		90",속초,2022.1.15,46.3,29
"		90",속초,2022.1.16,33.5,16
"		90",속초,2022.1.17,28.6,17
"		90",속초,2022.1.18,41.3,19
"		90",속초,2022.1.19,53.5,32
"		90",속초,2022.1.20,58.9,45
"		90",속초,2022.1.21,55.4,27
"		90",속초,2022.1.22,73.3,60
"		90",속초,2022.1.23,76,63
"		90",속초,2022.1.24,72.5,53
"		90",속초,2022.1.25,69.8,57
"		90",속초,2022.1.26,40.4,24
"		90",속초,2022.1.27,56.3,30
"		90",속초,2022.1.28,44.8,25
"		90",속초,2022.1.29,32.5,24
"		90",속초,2022.1.30,38.5,25
"		90",속초,2022.1.31,31.4,16
"		90",속초,2022.2.1,44.1,31
"		90",속초,2022.2.2,32.3,21
"		90",속초,2022.2.3,25.6,16
"		90",속초,2022.2.4,27,18
"		90",속초,2022.2.5,29.5,19
"		90",속초,2022.2.6,27.9,20
"		90",속초,2022.2.7,37.6,25
"		90",속초,2022.2.8,42.6,30
"		90",속초,2022.2.9,57.9,34
"		90",속초,2022.2.10,47.4,35
"		90",속초,2022.2.11,46,31
"		90",속초,2022.2.12,51.8,36
"		90",속초,2022.2.13,78,59
"		90",속초,2022.2.14,81.3,52
"		90",속초,2022.2.15,36.6,27
"		90",속초,2022.2.16,29.5,21
"		90",속초,2022.2.17,37.3,26
"		90",속초,2022.2.18,37.8,15
"		90",속초,2022.2.19,29.6,13
"		90",속초,2022.2.20,25.6,14
"		90",속초,2022.2.21,35.4,20
"		90",속초,2022.2.22,25.8,18
"		90",속초,2022.2.23,33.1,20
"		90",속초,2022.2.24,25.8,10
"		90",속초,2022.2.25,34.3,19
"		90",속초,2022.2.26,51.3,36
"		90",속초,2022.2.27,32.3,21
"		90",속초,2022.2.28,50.4,25
"		90",속초,2022.3.1,56.3,24
"		90",속초,2022.3.2,32.4,16
"		90",속초,2022.3.3,47.6,29
"		90",속초,2022.3.4,42.1,13
"		90",속초,2022.3.5,20.3,12
"		90",속초,2022.3.6,34,14
"		90",속초,2022.3.7,40.9,28
"		90",속초,2022.3.8,58.6,31
"		90",속초,2022.3.9,76.8,58
"		90",속초,2022.3.10,45,9
"		90",속초,2022.3.11,31.6,10
"		90",속초,2022.3.12,65.4,37
"		90",속초,2022.3.13,94.4,88
"		90",속초,2022.3.14,94.6,61
"		90",속초,2022.3.15,72.5,55
"		90",속초,2022.3.16,64.5,31
"		90",속초,2022.3.17,89.5,77
"		90",속초,2022.3.18,78.3,65
"		90",속초,2022.3.19,90.1,79
"		90",속초,2022.3.20,75.5,48
"		90",속초,2022.3.21,66.3,51
"		90",속초,2022.3.22,62.5,36
"		90",속초,2022.3.23,49.9,33
"		90",속초,2022.3.24,53.9,45
"		90",속초,2022.3.25,66.9,48
"		90",속초,2022.3.26,88.8,68
"		90",속초,2022.3.27,38.9,20
"		90",속초,2022.3.28,41.6,16
"		90",속초,2022.3.29,46.8,21
"		90",속초,2022.3.30,61.6,27
"		90",속초,2022.3.31,87.4,69
"		90",속초,2022.4.1,69.4,45
"		90",속초,2022.4.2,69.8,55
"		90",속초,2022.4.3,67.6,50
"		90",속초,2022.4.4,44.8,20
"		90",속초,2022.4.5,24.4,13
"		90",속초,2022.4.6,52,34
"		90",속초,2022.4.7,54,18
"		90",속초,2022.4.8,46.8,13
"		90",속초,2022.4.9,24.4,13
"		90",속초,2022.4.10,20.4,12
"		90",속초,2022.4.11,46,20
"		90",속초,2022.4.12,66.4,29
"		90",속초,2022.4.13,80.8,62
"		90",속초,2022.4.14,68.3,55
"		90",속초,2022.4.15,68.1,49
"		90",속초,2022.4.16,51.9,22
"		90",속초,2022.4.17,28.4,16
"		90",속초,2022.4.18,47.4,15
"		90",속초,2022.4.19,74.6,29
"		90",속초,2022.4.20,22.5,14
"		90",속초,2022.4.21,35.8,18
"		90",속초,2022.4.22,50,43
"		90",속초,2022.4.23,67.4,50
"		90",속초,2022.4.24,44.5,21
"		90",속초,2022.4.25,62.9,26
"		90",속초,2022.4.26,67.6,30
"		90",속초,2022.4.27,57.1,34
"		90",속초,2022.4.28,85.4,69
"		90",속초,2022.4.29,90.4,79
"		90",속초,2022.4.30,67,43
"		90",속초,2022.5.1,43.1,18
"		90",속초,2022.5.2,61.6,45
"		90",속초,2022.5.3,33.1,20
"		90",속초,2022.5.4,25.4,19
"		90",속초,2022.5.5,41,29
"		90",속초,2022.5.6,59.5,41
"		90",속초,2022.5.7,81.4,40
"		90",속초,2022.5.8,72.6,53
"		90",속초,2022.5.9,67.5,42
"		90",속초,2022.5.10,65.3,47
"		90",속초,2022.5.11,77.9,66
"		90",속초,2022.5.12,80,67
"		90",속초,2022.5.13,81,59
"		90",속초,2022.5.14,41,14
"		90",속초,2022.5.15,41.9,27
"		90",속초,2022.5.16,37.8,20
"		90",속초,2022.5.17,50,35
"		90",속초,2022.5.18,35.6,26
"		90",속초,2022.5.19,49.4,27
"		90",속초,2022.5.20,33,19
"		90",속초,2022.5.21,41.1,27
"		90",속초,2022.5.22,63.9,38
"		90",속초,2022.5.23,76,51
"		90",속초,2022.5.24,50.5,26
"		90",속초,2022.5.25,52.8,22
"		90",속초,2022.5.26,42.5,23
"		90",속초,2022.5.27,54.1,31
"		90",속초,2022.5.28,32.5,14
"		90",속초,2022.5.29,50.4,12
"		90",속초,2022.5.30,85.8,72
"		90",속초,2022.5.31,51.3,17
"		90",속초,2022.6.1,44.4,16
"		90",속초,2022.6.2,57,28
"		90",속초,2022.6.3,80.4,69
"		90",속초,2022.6.4,83,70
"		90",속초,2022.6.5,91,83
"		90",속초,2022.6.6,93.6,86
"		90",속초,2022.6.7,87,77
"		90",속초,2022.6.8,75.5,56
"		90",속초,2022.6.9,87.4,71
"		90",속초,2022.6.10,85.8,66
"		90",속초,2022.6.11,92,80
"		90",속초,2022.6.12,85.4,72
"		90",속초,2022.6.13,86.1,75
"		90",속초,2022.6.14,80.9,72
"		90",속초,2022.6.15,89.5,77
"		90",속초,2022.6.16,81.4,59
"		90",속초,2022.6.17,60.8,39
"		90",속초,2022.6.18,67,52
"		90",속초,2022.6.19,74.8,53
"		90",속초,2022.6.20,73,57
"		90",속초,2022.6.21,88.4,75
"		90",속초,2022.6.22,91.9,77
"		90",속초,2022.6.23,96.5,88
"		90",속초,2022.6.24,66.6,43
"		90",속초,2022.6.25,45.9,34
"		90",속초,2022.6.26,72.3,50
"		90",속초,2022.6.27,87.1,64
"		90",속초,2022.6.28,61.4,53
"		90",속초,2022.6.29,74.5,52
"		90",속초,2022.6.30,95.6,82
"		90",속초,2022.7.1,85.8,55
"		90",속초,2022.7.2,83.4,60
"		90",속초,2022.7.3,78.4,55
"		90",속초,2022.7.4,74.4,59
"		90",속초,2022.7.5,87.5,75
"		90",속초,2022.7.6,87.3,78
"		90",속초,2022.7.7,90.1,82
"		90",속초,2022.7.8,72.4,51
"		90",속초,2022.7.9,85.5,73
"		90",속초,2022.7.10,89.6,80
"		90",속초,2022.7.11,94.5,84
"		90",속초,2022.7.12,90.8,79
"		90",속초,2022.7.13,94.9,90
"		90",속초,2022.7.14,88.5,79
"		90",속초,2022.7.15,89,78
"		90",속초,2022.7.16,90.5,84
"		90",속초,2022.7.17,88.3,77
"		90",속초,2022.7.18,89,78
"		90",속초,2022.7.19,86.9,74
"		90",속초,2022.7.20,79.3,57
"		90",속초,2022.7.21,95.8,92
"		90",속초,2022.7.22,91.4,80
"		90",속초,2022.7.23,87.4,75
"		90",속초,2022.7.24,91.1,83
"		90",속초,2022.7.25,87.1,78
"		90",속초,2022.7.26,87.6,78
"		90",속초,2022.7.27,86.8,77
"		90",속초,2022.7.28,88.1,81
"		90",속초,2022.7.29,89,79
"		90",속초,2022.7.30,89.5,78
"		90",속초,2022.7.31,95.9,91
"		90",속초,2022.8.1,93.4,84
"		90",속초,2022.8.2,93,78
"		90",속초,2022.8.3,75,56
"		90",속초,2022.8.4,85.5,59
"		90",속초,2022.8.5,74.8,61
"		90",속초,2022.8.6,70.8,52
"		90",속초,2022.8.7,81,72
"		90",속초,2022.8.8,78.9,57
"		90",속초,2022.8.9,90.3,68
"		90",속초,2022.8.10,87,74
"		90",속초,2022.8.11,87.9,74
"		90",속초,2022.8.12,73.6,57
"		90",속초,2022.8.13,87.5,75
"		90",속초,2022.8.14,86.5,77
"		90",속초,2022.8.15,73.5,54
"		90",속초,2022.8.16,81.9,56
"		90",속초,2022.8.17,92.3,84
"		90",속초,2022.8.18,86.6,75
"		90",속초,2022.8.19,77.8,60
"		90",속초,2022.8.20,84.6,65
"		90",속초,2022.8.21,83.8,73
"		90",속초,2022.8.22,82.3,64
"		90",속초,2022.8.23,77.3,57
"		90",속초,2022.8.24,82.3,67
"		90",속초,2022.8.25,78.6,59
"		90",속초,2022.8.26,68.5,43
"		90",속초,2022.8.27,57.5,36
"		90",속초,2022.8.28,65.1,47
"		90",속초,2022.8.29,79.5,67
"		90",속초,2022.8.30,92.9,76
"		90",속초,2022.8.31,89.9,76
"		90",속초,2022.9.1,80.4,64
"		90",속초,2022.9.2,80.3,64
"		90",속초,2022.9.3,80.1,57
"		90",속초,2022.9.4,93.4,85
"		90",속초,2022.9.5,95.6,93
"		90",속초,2022.9.6,71.6,35
"		90",속초,2022.9.7,56.5,32
"		90",속초,2022.9.8,76.3,54
"		90",속초,2022.9.9,79.5,61
"		90",속초,2022.9.10,77.9,70
"		90",속초,2022.9.11,83.4,75
"		90",속초,2022.9.12,84.1,69
"		90",속초,2022.9.13,88.3,80
"		90",속초,2022.9.14,85,69
"		90",속초,2022.9.15,77.1,67
"		90",속초,2022.9.16,85.3,72
"		90",속초,2022.9.17,88.1,77
"		90",속초,2022.9.18,86.8,73
"		90",속초,2022.9.19,77,57
"		90",속초,2022.9.20,70.5,46
"		90",속초,2022.9.21,70.8,45
"		90",속초,2022.9.22,71.1,46
"		90",속초,2022.9.23,53,30
"		90",속초,2022.9.24,47.3,25
"		90",속초,2022.9.25,66.3,51
"		90",속초,2022.9.26,69.4,47
"		90",속초,2022.9.27,76.5,62
"		90",속초,2022.9.28,75.6,51
"		90",속초,2022.9.29,73.8,44
"		90",속초,2022.9.30,58.5,34
"		90",속초,2022.10.1,48.9,22
"		90",속초,2022.10.2,82.9,56
"		90",속초,2022.10.3,90.8,78
"		90",속초,2022.10.4,91.9,78
"		90",속초,2022.10.5,93.6,84
"		90",속초,2022.10.6,91.4,79
"		90",속초,2022.10.7,90.3,79
"		90",속초,2022.10.8,73.6,57
"		90",속초,2022.10.9,75.3,49
"		90",속초,2022.10.10,50,38
"		90",속초,2022.10.11,53.8,35
"		90",속초,2022.10.12,68,49
"		90",속초,2022.10.13,74.6,54
"		90",속초,2022.10.14,78.4,60
"		90",속초,2022.10.15,78.4,63
"		90",속초,2022.10.16,75.1,40
"		90",속초,2022.10.17,54.5,35
"		90",속초,2022.10.18,55.6,46
"		90",속초,2022.10.19,47.3,30
"		90",속초,2022.10.20,50.4,30
"		90",속초,2022.10.21,28.5,15
"		90",속초,2022.10.22,40.6,16
"		90",속초,2022.10.23,84.3,56
"		90",속초,2022.10.24,77.3,48
"		90",속초,2022.10.25,63.6,46
"		90",속초,2022.10.26,59.8,37
"		90",속초,2022.10.27,63.6,40
"		90",속초,2022.10.28,85.3,69
"		90",속초,2022.10.29,89.6,77
"		90",속초,2022.10.30,86.1,75
"		90",속초,2022.10.31,77.1,57
"		90",속초,2022.11.1,58,35
"		90",속초,2022.11.2,51.3,35
"		90",속초,2022.11.3,36.6,29
"		90",속초,2022.11.4,37.8,25
"		90",속초,2022.11.5,27.5,13
"		90",속초,2022.11.6,46.3,26
"		90",속초,2022.11.7,45.4,28
"		90",속초,2022.11.8,54.9,36
"		90",속초,2022.11.9,47,23
"		90",속초,2022.11.10,59,39
"		90",속초,2022.11.11,76.6,62
"		90",속초,2022.11.12,78,55
"		90",속초,2022.11.13,86.8,64
"		90",속초,2022.11.14,62.1,38
"		90",속초,2022.11.15,43.3,28
"		90",속초,2022.11.16,40.8,24
"		90",속초,2022.11.17,53.4,36
"		90",속초,2022.11.18,55.8,35
"		90",속초,2022.11.19,67.8,50
"		90",속초,2022.11.20,81.1,67
"		90",속초,2022.11.21,54.5,42
"		90",속초,2022.11.22,69.3,51
"		90",속초,2022.11.23,83.4,70
"		90",속초,2022.11.24,66.3,52
"		90",속초,2022.11.25,46,19
"		90",속초,2022.11.26,23.1,10
"		90",속초,2022.11.27,41.3,25
"		90",속초,2022.11.28,79.1,55
"		90",속초,2022.11.29,50,15
"		90",속초,2022.11.30,19.6,15
"		90",속초,2022.12.1,26.8,23
"		90",속초,2022.12.2,26.3,11
"		90",속초,2022.12.3,46,30
"		90",속초,2022.12.4,22.3,15
"		90",속초,2022.12.5,28.3,18
"		90",속초,2022.12.6,41.6,36
"		90",속초,2022.12.7,36.1,26
"		90",속초,2022.12.8,29.1,16
"		90",속초,2022.12.9,44.6,24
"		90",속초,2022.12.10,35.4,19
"		90",속초,2022.12.11,53.4,36
"		90",속초,2022.12.12,52,19
"		90",속초,2022.12.13,41,28
"		90",속초,2022.12.14,22.3,16
"		90",속초,2022.12.15,48,27
"		90",속초,2022.12.16,23.4,14
"		90",속초,2022.12.17,21.3,13
"		90",속초,2022.12.18,22.1,14
"		90",속초,2022.12.19,25.3,16
"		90",속초,2022.12.20,27.8,17
"		90",속초,2022.12.21,45.6,26
"		90",속초,2022.12.22,33.8,25
"		90",속초,2022.12.23,34.1,24
"		90",속초,2022.12.24,36.5,23
"		90",속초,2022.12.25,36.6,27
"		90",속초,2022.12.26,40.8,27
"		90",속초,2022.12.27,31,15
"		90",속초,2022.12.28,32.4,18
"		90",속초,2022.12.29,30.5,19
"		90",속초,2022.12.30,36.9,21
"		90",속초,2022.12.31,36.9,26
"		90",속초,2023.1.1,21.8,11
"		90",속초,2023.1.2,24.3,13
"		90",속초,2023.1.3,18.3,9
"		90",속초,2023.1.4,15.6,10
"		90",속초,2023.1.5,23.8,16
"		90",속초,2023.1.6,36.4,24
"		90",속초,2023.1.7,66.3,43
"		90",속초,2023.1.8,40,19
"		90",속초,2023.1.9,46.4,29
"		90",속초,2023.1.10,45.4,27
"		90",속초,2023.1.11,26.4,13
"		90",속초,2023.1.12,34.6,16
"		90",속초,2023.1.13,87.1,27
"		90",속초,2023.1.14,90.8,85
"		90",속초,2023.1.15,93.3,87
"		90",속초,2023.1.16,73.6,54
"		90",속초,2023.1.17,53,35
"		90",속초,2023.1.18,57,40
"		90",속초,2023.1.19,48.9,37
"		90",속초,2023.1.20,29.6,15
"		90",속초,2023.1.21,32.3,13
"		90",속초,2023.1.22,57,39
"		90",속초,2023.1.23,57.9,24
"		90",속초,2023.1.24,28.3,20
"		90",속초,2023.1.25,31.5,15
"		90",속초,2023.1.26,51.5,42
"		90",속초,2023.1.27,38.4,26
"		90",속초,2023.1.28,32.9,23
"		90",속초,2023.1.29,45.1,26
"		90",속초,2023.1.30,33.5,22
"		90",속초,2023.1.31,45.4,31
"		90",속초,2023.2.1,37,21
"		90",속초,2023.2.2,56.4,38
"		90",속초,2023.2.3,50.1,35
"		90",속초,2023.2.4,27.6,21
"		90",속초,2023.2.5,31.9,19
"		90",속초,2023.2.6,42.4,27
"		90",속초,2023.2.7,68,47
"		90",속초,2023.2.8,69.1,50
"		90",속초,2023.2.9,59.1,35
"		90",속초,2023.2.10,87.9,74
"		90",속초,2023.2.11,67.5,37
"		90",속초,2023.2.12,63,34
"		90",속초,2023.2.13,87.8,58
"		90",속초,2023.2.14,64.4,39
"		90",속초,2023.2.15,80.3,56
"		90",속초,2023.2.16,63,38
"		90",속초,2023.2.17,41.6,32
"		90",속초,2023.2.18,57.9,31
"		90",속초,2023.2.19,35,19
"		90",속초,2023.2.20,30.1,14
"		90",속초,2023.2.21,44.4,27
"		90",속초,2023.2.22,37.6,16
"		90",속초,2023.2.23,40.8,15
"		90",속초,2023.2.24,52.8,22
"		90",속초,2023.2.25,73.6,50
"		90",속초,2023.2.26,46.5,23
"		90",속초,2023.2.27,29,10
"		90",속초,2023.2.28,24.5,9
"		90",속초,2023.3.1,40.1,26
"		90",속초,2023.3.2,35.6,18
"		90",속초,2023.3.3,29.4,21
"		90",속초,2023.3.4,66.6,42
"		90",속초,2023.3.5,67.8,34
"		90",속초,2023.3.6,22.4,9
"		90",속초,2023.3.7,42,20
"		90",속초,2023.3.8,42.6,20
"		90",속초,2023.3.9,87.1,75
"		90",속초,2023.3.10,84,68
"		90",속초,2023.3.11,91.3,88
"		90",속초,2023.3.12,74.4,35
"		90",속초,2023.3.13,23.4,14
"		90",속초,2023.3.14,44.4,22
"		90",속초,2023.3.15,42.1,28
"		90",속초,2023.3.16,31.5,17
"		90",속초,2023.3.17,42.8,24
"		90",속초,2023.3.18,51,27
"		90",속초,2023.3.19,42.5,19
"		90",속초,2023.3.20,42.9,17
"		90",속초,2023.3.21,47.3,14
"		90",속초,2023.3.22,72.3,58
"		90",속초,2023.3.23,76.3,55
"		90",속초,2023.3.24,75.4,53
"		90",속초,2023.3.25,90.1,81
"		90",속초,2023.3.26,75.4,61
"		90",속초,2023.3.27,66.1,45
"		90",속초,2023.3.28,46.4,31
"		90",속초,2023.3.29,48.5,15
"		90",속초,2023.3.30,17.6,9
"		90",속초,2023.3.31,59.9,19
"		90",속초,2023.4.1,80.5,69
"		90",속초,2023.4.2,85.5,73
"		90",속초,2023.4.3,77,64
"		90",속초,2023.4.4,81.1,55
"		90",속초,2023.4.5,96.4,89
"		90",속초,2023.4.6,63.6,48
"		90",속초,2023.4.7,37.3,25
"		90",속초,2023.4.8,23.4,12
"		90",속초,2023.4.9,24.8,14
"		90",속초,2023.4.10,22.8,13
"		90",속초,2023.4.11,41.6,16
"		90",속초,2023.4.12,13.5,8
"		90",속초,2023.4.13,18.1,9
"		90",속초,2023.4.14,59.1,12
"		90",속초,2023.4.15,83.5,69
"		90",속초,2023.4.16,83.5,67
"		90",속초,2023.4.17,81,58
"		90",속초,2023.4.18,88,64
"		90",속초,2023.4.19,88.3,59
"		90",속초,2023.4.20,56.6,34
"		90",속초,2023.4.21,49.5,32
"		90",속초,2023.4.22,57.9,28
"		90",속초,2023.4.23,73.8,64
"		90",속초,2023.4.24,77.9,60
"		90",속초,2023.4.25,77.1,55
"		90",속초,2023.4.26,63.5,43
"		90",속초,2023.4.27,65.1,41
"		90",속초,2023.4.28,48.3,25
"		90",속초,2023.4.29,80,47
"		90",속초,2023.4.30,40.3,29
"		90",속초,2023.5.1,42.5,24
"		90",속초,2023.5.2,47,25
"		90",속초,2023.5.3,41.5,23
"		90",속초,2023.5.4,67.1,39
"		90",속초,2023.5.5,91.3,78
"		90",속초,2023.5.6,89.6,80
"		90",속초,2023.5.7,72.3,43
"		90",속초,2023.5.8,53.3,28
"		90",속초,2023.5.9,27,12
"		90",속초,2023.5.10,67.8,32
"		90",속초,2023.5.11,85.4,68
"		90",속초,2023.5.12,79.5,49
"		90",속초,2023.5.13,87.1,46
"		90",속초,2023.5.14,90.1,76
"		90",속초,2023.5.15,77.4,43
"		90",속초,2023.5.16,35.8,18
"		90",속초,2023.5.17,35,15
"		90",속초,2023.5.18,71,45
"		90",속초,2023.5.19,80.8,66
"		90",속초,2023.5.20,65.9,39
"		90",속초,2023.5.21,41.5,26
"		90",속초,2023.5.22,49.9,37
"		90",속초,2023.5.23,58.3,37
"		90",속초,2023.5.24,53.5,26
"		90",속초,2023.5.25,62.6,35
"		90",속초,2023.5.26,62.4,43
"		90",속초,2023.5.27,77.3,48
"		90",속초,2023.5.28,98.4,96
"		90",속초,2023.5.29,93.8,79
"		90",속초,2023.5.30,88.9,74
"		90",속초,2023.5.31,81,54
"		90",속초,2023.6.1,71,47
"		90",속초,2023.6.2,75.5,55
"		90",속초,2023.6.3,44.4,22
"		90",속초,2023.6.4,37.5,21
"		90",속초,2023.6.5,41.9,29
"		90",속초,2023.6.6,55.1,39
"		90",속초,2023.6.7,54.1,37
"		90",속초,2023.6.8,57.9,31
"		90",속초,2023.6.9,73.9,48
"		90",속초,2023.6.10,84.9,67
"		90",속초,2023.6.11,89.1,75
"		90",속초,2023.6.12,91.6,75
"		90",속초,2023.6.13,90.8,76
"		90",속초,2023.6.14,86.1,74
"		90",속초,2023.6.15,86.9,77
"		90",속초,2023.6.16,75.9,49
"		90",속초,2023.6.17,54.1,34
"		90",속초,2023.6.18,73.6,53
"		90",속초,2023.6.19,84,73
"		90",속초,2023.6.20,84.3,72
"		90",속초,2023.6.21,89.1,77
"		90",속초,2023.6.22,82.3,67
"		90",속초,2023.6.23,83,67
"		90",속초,2023.6.24,83,69
"		90",속초,2023.6.25,86.1,71
"		90",속초,2023.6.26,95.9,91
"		90",속초,2023.6.27,64.4,38
"		90",속초,2023.6.28,58,40
"		90",속초,2023.6.29,80.3,56
"		90",속초,2023.6.30,89.4,77
"		90",속초,2023.7.1,84.4,63
"		90",속초,2023.7.2,72,47
"		90",속초,2023.7.3,87.6,77
"		90",속초,2023.7.4,90.1,80
"		90",속초,2023.7.5,64,39
"		90",속초,2023.7.6,47.4,28
"		90",속초,2023.7.7,73.8,27
"		90",속초,2023.7.8,86.4,69
"		90",속초,2023.7.9,90.3,74
"		90",속초,2023.7.10,68.6,46
"		90",속초,2023.7.11,68.9,53
"		90",속초,2023.7.12,76.5,57
"		90",속초,2023.7.13,91.4,83
"		90",속초,2023.7.14,83.3,65
"		90",속초,2023.7.15,75.1,59
"		90",속초,2023.7.16,76.9,57
"		90",속초,2023.7.17,83.3,73
"		90",속초,2023.7.18,87,73
"		90",속초,2023.7.19,86.3,72
"		90",속초,2023.7.20,88.9,75
"		90",속초,2023.7.21,88.5,78
"		90",속초,2023.7.22,85.9,74
"		90",속초,2023.7.23,84,62
"		90",속초,2023.7.24,81.6,59
"		90",속초,2023.7.25,71.9,56
"		90",속초,2023.7.26,77.5,64
"		90",속초,2023.7.27,70.6,55
"		90",속초,2023.7.28,76.3,58
"		90",속초,2023.7.29,71.8,58
"		90",속초,2023.7.30,66.9,41
"		90",속초,2023.7.31,77,64
"		90",속초,2023.8.1,81.4,65
"		90",속초,2023.8.2,67.6,48
"		90",속초,2023.8.3,54.4,36
"		90",속초,2023.8.4,60.6,42
"		90",속초,2023.8.5,63.1,41
"		90",속초,2023.8.6,88.4,77
"		90",속초,2023.8.7,89.5,80
"		90",속초,2023.8.8,86.1,80
"		90",속초,2023.8.9,91.9,83
"		90",속초,2023.8.10,95,94
"		90",속초,2023.8.11,76.8,44
"		90",속초,2023.8.12,87.8,83
"		90",속초,2023.8.13,91.6,86
"		90",속초,2023.8.14,91.1,80
"		90",속초,2023.8.15,91.3,83
"		90",속초,2023.8.16,86.6,76
"		90",속초,2023.8.17,88.1,78
"		90",속초,2023.8.18,89.1,79
"		90",속초,2023.8.19,89,78
"		90",속초,2023.8.20,90.6,82
"		90",속초,2023.8.21,91,80
"		90",속초,2023.8.22,82.3,50
"		90",속초,2023.8.23,91.4,79
"		90",속초,2023.8.24,92.9,87
"		90",속초,2023.8.25,87.3,69
"		90",속초,2023.8.26,76.5,60
"		90",속초,2023.8.27,87,82
"		90",속초,2023.8.28,93.3,85
"		90",속초,2023.8.29,93.3,82
"		90",속초,2023.8.30,89.9,71
"		90",속초,2023.8.31,84.6,61
"		90",속초,2023.9.1,76.9,47
"		90",속초,2023.9.2,75.4,64
"		90",속초,2023.9.3,88.1,80
"		90",속초,2023.9.4,87,73
"		90",속초,2023.9.5,87.3,75
"		90",속초,2023.9.6,84.1,77
"		90",속초,2023.9.7,81,66
"		90",속초,2023.9.8,78.8,65
"		90",속초,2023.9.9,79.5,61
"		90",속초,2023.9.10,81.3,68
"		90",속초,2023.9.11,81.9,72
"		90",속초,2023.9.12,80.1,61
"		90",속초,2023.9.13,93.8,81
"		90",속초,2023.9.14,88,78
"		90",속초,2023.9.15,91.9,85
"		90",속초,2023.9.16,93.5,87
"		90",속초,2023.9.17,92.9,87
"		90",속초,2023.9.18,88.9,80
"		90",속초,2023.9.19,61.6,48
"		90",속초,2023.9.20,88.5,63
"		90",속초,2023.9.21,76.9,56
"		90",속초,2023.9.22,75.4,60
"		90",속초,2023.9.23,69.6,59
"		90",속초,2023.9.24,67.5,48
"		90",속초,2023.9.25,,71
"		90",속초,2023.9.26,95.9,89
"		90",속초,2023.9.27,95.5,92
"		90",속초,2023.9.28,65.8,40
"		90",속초,2023.9.29,65.6,39
"		90",속초,2023.9.30,57,39
"		90",속초,2023.10.1,48,35
"		90",속초,2023.10.2,46.8,24
"		90",속초,2023.10.3,56.3,42
"		90",속초,2023.10.4,51.9,35
"		90",속초,2023.10.5,42.5,26
"		90",속초,2023.10.6,48.8,28
"		90",속초,2023.10.7,63.9,41
"		90",속초,2023.10.8,81.6,53
"		90",속초,2023.10.9,76.3,63
"		90",속초,2023.10.10,73.4,50
"		90",속초,2023.10.11,69,47
"		90",속초,2023.10.12,75.3,60
"		90",속초,2023.10.13,75.6,59
"		90",속초,2023.10.14,69.3,49
"		90",속초,2023.10.15,52.3,38
"		90",속초,2023.10.16,70.4,51
"		90",속초,2023.10.17,62.4,36
"		90",속초,2023.10.18,45,23
"		90",속초,2023.10.19,57.3,42
"		90",속초,2023.10.20,36.1,18
"		90",속초,2023.10.21,44.6,29
"		90",속초,2023.10.22,39.1,22
"		90",속초,2023.10.23,53.9,34
"		90",속초,2023.10.24,52.8,36
"		90",속초,2023.10.25,55.6,44
"		90",속초,2023.10.26,52.4,42
"		90",속초,2023.10.27,79,53
"		90",속초,2023.10.28,77.4,62
"		90",속초,2023.10.29,73.3,51
"		90",속초,2023.10.30,62.8,40
"		90",속초,2023.10.31,48.5,27
"		90",속초,2023.11.1,55.3,41
"		90",속초,2023.11.2,49.9,18
"		90",속초,2023.11.3,63.4,18
"		90",속초,2023.11.4,92.9,81
"		90",속초,2023.11.5,90.6,83
"		90",속초,2023.11.6,57.3,37
"		90",속초,2023.11.7,38.8,22
"		90",속초,2023.11.8,61.8,43
"		90",속초,2023.11.9,66.6,26
"		90",속초,2023.11.10,38.3,11
"		90",속초,2023.11.11,48.8,31
"		90",속초,2023.11.12,40.3,19
"		90",속초,2023.11.13,33.9,19
"		90",속초,2023.11.14,37.4,20
"		90",속초,2023.11.15,48.3,28
"		90",속초,2023.11.16,60.5,47
"		90",속초,2023.11.17,40,27
"		90",속초,2023.11.18,31.8,21
"		90",속초,2023.11.19,43.8,27
"		90",속초,2023.11.20,51.8,32
"		90",속초,2023.11.21,35,13
"		90",속초,2023.11.22,51,23
"		90",속초,2023.11.23,36.1,16
"		90",속초,2023.11.24,28,17
"		90",속초,2023.11.25,35,16
"		90",속초,2023.11.26,43,16
"		90",속초,2023.11.27,57.4,41
"		90",속초,2023.11.28,29,18
"		90",속초,2023.11.29,35.3,20
"		90",속초,2023.11.30,34.3,26
"		90",속초,2023.12.1,29.4,20
"		90",속초,2023.12.2,37.6,26
"		90",속초,2023.12.3,45.3,30
"		90",속초,2023.12.4,37,23
"		90",속초,2023.12.5,57.4,39
"		90",속초,2023.12.6,55,41
"		90",속초,2023.12.7,34.9,21
"		90",속초,2023.12.8,52.1,36
"		90",속초,2023.12.9,60.9,42
"		90",속초,2023.12.10,79.3,62
"		90",속초,2023.12.11,89.6,85
"		90",속초,2023.12.12,90.3,82
"		90",속초,2023.12.13,82.3,60
"		90",속초,2023.12.14,89,75
"		90",속초,2023.12.15,92.6,85
"		90",속초,2023.12.16,57,35
"		90",속초,2023.12.17,,24
"		90",속초,2023.12.18,29,17
"		90",속초,2023.12.19,49,25
"		90",속초,2023.12.20,38.9,27
"		90",속초,2023.12.21,30.5,22
"		90",속초,2023.12.22,32.6,21
"		90",속초,2023.12.23,31,22
"		90",속초,2023.12.24,41.5,31
"		90",속초,2023.12.25,46.1,33
"		90",속초,2023.12.26,48.3,27
"		90",속초,2023.12.27,65.3,43
"		90",속초,2023.12.28,53,24
"		90",속초,2023.12.29,50,32
"		90",속초,2023.12.30,73.1,49
"		90",속초,2023.12.31,90.1,73
"		",,,,
"	",,,,
"	",,,,